ID,Title,Author,Original Filename,New Filename
29,"Time Intelligence Calculation Group by DataZoe",DataZoe,1740778889123-826662796.png,29_Time_Intelligence_Calculation__1740778889123-826662796.png
31,"Generate Schema for Model to Copy as a Snapshot for Testing",John.Kerski,1741366206503-965253668.png,31_Generate_Schema_for_Model_to_C_1741366206503-965253668.png
32,"Generate Schema for Model to Copy as a Snapshot for Testing - Part 2 - Running Tests",John.Kerski,1741366379258-806081641.png,32_Generate_Schema_for_Model_to_C_1741366379258-806081641.png
33,"DAX Query View Testing Template",John.Kerski,1741366499100-200728302.png,33_DAX_Query_View_Testing_Templat_1741366499100-200728302.png
34,"Github Copilot - Comment Highlighted Power Query Code",John.Kerski,1741366688491-34147854.png,34_Github_Copilot___Comment_Highl_1741366688491-34147854.png
35,"Github Copilot - Comment Highlighted Power Query Code and Rename Steps",John.Kerski,1741366822246-630366636.png,35_Github_Copilot___Comment_Highl_1741366822246-630366636.png
36,"A Faster (Easier?) way to import SharePoint list data into Power BI (https://github.com/kerski/power-query-sharepoint-faster-easier)",John.Kerski,1741367945813-816035565.png,36_A_Faster__Easier___way_to_impo_1741367945813-816035565.png
39,"Measures Table with Subfolders",a.groemling,1741523308753-425122761.png,39_Measures_Table_with_Subfolders_1741523308753-425122761.png
