id,title,code,category,authorId,imagePath,createdAt,updatedAt,votes
"6","About model table","createOrReplace

	/// Table with information about the model.
	/// Key/Value representation, with properties like: last refresh; model creator;...
	table About		

		column Key
			dataType: string			
			summarizeBy: none
			sourceColumn: Key		

		column Value
			dataType: string			
			summarizeBy: none
			sourceColumn: Value			

		column Order
			dataType: int64
			formatString: 0			
			summarizeBy: none
			sourceColumn: Order			

		partition About-77c21240-7751-4575-bf40-8c068bfd01cd = m
			mode: import
			source =
					let
						Source = #table({ ""Key"", ""Value"" },{
							{ ""Developed by"", ""Microsoft"" },
							{ ""Version"", ""1.0"" },
							{ ""Description"", ""Sales.pbip"" },
							{ ""Last Refresh"", DateTime.ToText(DateTime.LocalNow(), ""yyyy-MM-dd HH:mm:ss"") }
						}),
						#""Added Index"" = Table.AddIndexColumn(Source, ""Order"", 1, 1),
						#""Changed Type"" = Table.TransformColumnTypes(#""Added Index"",{{""Key"", type text},  {""Value"", type text},{""Order"", Int64.Type}}),
						#""Reordered Columns"" = Table.ReorderColumns(#""Changed Type"",{""Key"", ""Value"", ""Order""})
					in
						#""Reordered Columns""

		annotation PBI_ResultType = Table","TMDL","3","","2025-01-27T14:04:09.824Z","2025-01-27T14:04:09.824Z","1"
"5","Measures table","createOrReplace

	table _Measures		

		measure 'Sample Measure' = NOW()
			formatString: General Date			

		column Value
			isHidden						
			summarizeBy: sum
			isNameInferred
			sourceColumn: [Value]

		partition _Measures = calculated
			mode: import
			source = {BLANK()}
","TMDL","3","","2025-01-27T14:01:58.222Z","2025-01-27T14:03:34.912Z","1"
"7","Smart calcs calculation group","createOrReplace

	table 'Smart Calcs'	

		calculationGroup

			calculationItem Normalize = ```
					VAR DetailValue = SELECTEDMEASURE()
					
					return if (DetailValue, 
					
					    VAR MinOfGroup = MINX(ALLSELECTED('Calendar'), SELECTEDMEASURE())
					    VAR MaxOfGroup = MAXX(ALLSELECTED('Calendar'), SELECTEDMEASURE())
					
					    RETURN DIVIDE(DetailValue - MinOfGroup, MaxOfGroup - MinOfGroup)
					)
					```

				formatStringDefinition = ""0.0""

			calculationItem Randomize = IFERROR(SELECTEDMEASURE() * RAND(), SELECTEDMEASURE())

			calculationItem 'Label - ▲ LY' = ```
					var vValue = SELECTEDMEASURE()
					var vValueLY = CALCULATE(SELECTEDMEASURE(), SAMEPERIODLASTYEAR('Calendar'[Date]))
					var vGrowth = DIVIDE(vValue - vValueLY, vValueLY)
					var vFormat = SELECTEDMEASUREFORMATSTRING()
					
					return
					    FORMAT(vValue, vFormat)
					    & IF (ISBLANK(vGrowth)
					        , BLANK()
					        , "" | ""    
					        & IF (vGrowth >= 0, ""▲"" , ""▼"") & FORMAT(vGrowth, ""0%"")
					    )
					
					```

				formatStringDefinition = SELECTEDMEASUREFORMATSTRING()

			calculationItem 'Label - ▲ LM' = ```
					var vValue = SELECTEDMEASURE()
					var vValueLM = CALCULATE(SELECTEDMEASURE(), PREVIOUSMONTH('Calendar'[Date]))
					var vGrowth = DIVIDE(vValue - vValueLM, vValueLM)
					var vFormat = SELECTEDMEASUREFORMATSTRING()
					
					return
					    FORMAT(vValue, vFormat)
					    & IF (ISBLANK(vGrowth)
					        , BLANK()
					        , "" | ""    
					        & IF (vGrowth >= 0, ""▲"" , ""▼"") & FORMAT(vGrowth, ""0%"")
					    )
					
					```

				formatStringDefinition = SELECTEDMEASUREFORMATSTRING()

		column 'Smart Calc'
			dataType: string			
			summarizeBy: none
			sourceColumn: Name
			sortByColumn: Ordinal			

		column Ordinal
			dataType: int64
			isHidden			
			summarizeBy: none
			sourceColumn: Ordinal			","TMDL","3","","2025-01-27T14:15:20.939Z","2025-01-27T14:15:32.511Z","1"
"4","Time Intelligence calculation group","createOrReplace

	table 'Time Intelligence'

		calculationGroup
			precedence: 1

			calculationItem YTD =
					CALCULATE (
					    SELECTEDMEASURE (),
					    DATESYTD ( 'Calendar'[Date] )
					)

			calculationItem QTD =
					
					CALCULATE (
					    SELECTEDMEASURE (),
					    DATESQTD ( 'Calendar'[Date] )
					)

			calculationItem MTD =
					CALCULATE (
					    SELECTEDMEASURE (),
					    DATESMTD ( 'Calendar'[Date] )
					)a

			calculationItem PY =
					
					CALCULATE (
					    SELECTEDMEASURE (),
					    SAMEPERIODLASTYEAR ( 'Calendar'[Date] )
					)

			calculationItem YOY% =
					
					DIVIDE (
					    CALCULATE (
					        SELECTEDMEASURE (),
					        'Time Intelligence'[Show as] = ""YOY""
					    ),
					    CALCULATE (
					        SELECTEDMEASURE (),
					        'Time Intelligence'[Show as] = ""PY""
					    )
					)

				formatStringDefinition = ""#,##0.00%""

			calculationItem YOY =
					
					SELECTEDMEASURE ()
					    - CALCULATE (
					        SELECTEDMEASURE (),
					        'Time intelligence'[Show as] = ""PY""
					    )

			calculationItem Current = SELECTEDMEASURE()

		column 'Show as'
			dataType: string
			summarizeBy: none
			sourceColumn: Name
			sortByColumn: Ordinal

		column Ordinal
			dataType: int64
			formatString: 0
			summarizeBy: sum
			sourceColumn: Ordinal","TMDL","3","","2025-01-27T14:01:27.299Z","2025-01-27T14:01:27.299Z","2"
"8","Unit Calculation Group","createOrReplace

	table Unit
		lineageTag: c803ac12-6059-4f5e-ae13-b0bb9593e191

		calculationGroup
			precedence: 2

			calculationItem Thousand =
					IF(
					    ISNUMBER( SELECTEDMEASURE( ) ),
					    IF(
					        NOT ( CONTAINSSTRING( SELECTEDMEASURENAME( ), ""%"" ) || CONTAINSSTRING( SELECTEDMEASURENAME( ), ""ratio"" ) ),
					        DIVIDE( SELECTEDMEASURE( ), 1000 ),
					        SELECTEDMEASURE( )
					    ),
					    SELECTEDMEASURE( )
					)

			calculationItem Million =
					IF(
					    ISNUMBER( SELECTEDMEASURE( ) ),
					    IF(
					        NOT ( CONTAINSSTRING( SELECTEDMEASURENAME( ), ""%"" ) || CONTAINSSTRING( SELECTEDMEASURENAME( ), ""ratio"" ) ),
					        DIVIDE( SELECTEDMEASURE( ), 1000000 ),
					        SELECTEDMEASURE( )
					    ),
					    SELECTEDMEASURE( )
					)

		column Unit
			dataType: string
			lineageTag: ce2cfc83-0215-4e84-9d8f-16d3eb34d612
			sourceColumn: Name
			sortByColumn: Ordinal

		column Ordinal
			dataType: int64
			isHidden
			lineageTag: e6946d6d-d021-4d1b-94e8-1e9a0cf948af
			sourceColumn: Ordinal","TMDL","4","","2025-01-27T15:13:05.992Z","2025-01-27T15:13:05.992Z","0"
"3","Calendar table","createOrReplace

	/// Calendar table
	table Calendar
		
		column Day
			dataType: int64
			formatString: 0
			summarizeBy: none
			sourceColumn: Day

		column Month
			dataType: int64
			formatString: 0
			summarizeBy: none
			sourceColumn: Month

		column Quarter
			dataType: string
			summarizeBy: none
			sourceColumn: Quarter

		column Year
			dataType: int64
			formatString: 0			
			summarizeBy: none
			sourceColumn: Year

		column Date
			dataType: dateTime
			formatString: Long Date
			summarizeBy: none
			sourceColumn: Date

			annotation UnderlyingDateTimeDataType = Date

		column 'Month Name'
			dataType: string
			summarizeBy: none
			sourceColumn: Month Name
			sortByColumn: Month

		column Year-Month
			dataType: dateTime
			formatString: mmm yyyy
			summarizeBy: none
			sourceColumn: Year-Month		

			annotation UnderlyingDateTimeDataType = Date

			annotation PBI_FormatHint = {""isCustom"":true}

		column 'Week Number'
			dataType: int64
			formatString: 0		
			summarizeBy: none
			sourceColumn: Week Number			

		column 'Day of Week'
			dataType: int64
			formatString: 0			
			summarizeBy: none
			sourceColumn: Day of Week			

		column 'Day Name'
			dataType: string			
			summarizeBy: none
			sourceColumn: Day Name
			sortByColumn: 'Day of Week'						

		column 'Is Weekend'
			dataType: boolean
			formatString: """"""TRUE"""";""""TRUE"""";""""FALSE""""""			
			summarizeBy: none
			sourceColumn: Is Weekend			

		column 'Fiscal Year'
			dataType: int64
			formatString: 0			
			summarizeBy: none
			sourceColumn: Fiscal Year			

		column 'Fiscal Quarter'
			dataType: string			
			summarizeBy: none
			sourceColumn: Fiscal Quarter			

		hierarchy Year-Month-Day			

			level Year				
				column: Year

			level Month				
				column: Month

			level Day				
				column: Day

		partition Calendar = m
			mode: import
			source = ```
					let 
					
					    P_Today =  DateTime.LocalNow(),
					    StartDate = #date(Date.Year(DateTime.LocalNow()) - 3, 1, 1),
					    EndDate  = #date(Date.Year(DateTime.LocalNow()), 12, 31),  
					
					    // Generate a list of dates
					    DateList = List.Dates(StartDate, Duration.Days(EndDate - StartDate) + 1, #duration(1, 0, 0, 0)),
					
					    // Convert list to a table
					    Calendar = Table.FromList(DateList, Splitter.SplitByNothing(), {""Date""}),
					
					    // Add columns for different date attributes
					    AddYear = Table.AddColumn(Calendar, ""Year"", each Date.Year([Date])),
					    AddMonth = Table.AddColumn(AddYear, ""Month"", each Date.Month([Date])),
					    AddDay = Table.AddColumn(AddMonth, ""Day"", each Date.Day([Date])),
					    AddMonthName = Table.AddColumn(AddDay, ""Month Name"", each Date.ToText([Date], ""MMM"")),
					    AddYearMonth = Table.AddColumn(AddMonthName, ""Year-Month"", each Text.From(Date.Year([Date])) & "" "" & Date.ToText([Date], ""MMM"")),
					    //AddYearMonthKey = Table.AddColumn(AddYearMonth, ""Year-Month Key"", each Date.Year([Date]) * 100 + Date.Month([Date])),
					    AddQuarter = Table.AddColumn(AddYearMonth, ""Quarter"", each ""Q"" & Text.From(Date.QuarterOfYear([Date]))),
					    AddWeek = Table.AddColumn(AddQuarter, ""Week Number"", each Date.WeekOfYear([Date])),
					    AddDayOfWeek = Table.AddColumn(AddWeek, ""Day of Week"", each Date.DayOfWeek([Date]) + 1),
					    AddDayName = Table.AddColumn(AddDayOfWeek, ""Day Name"", each Date.ToText([Date], ""dddd"")),
					    AddIsWeekend = Table.AddColumn(AddDayName, ""Is Weekend"", each if Date.DayOfWeek([Date]) >= 5 then true else false),
					
					    // Add fiscal year and period adjustments
					    AddFiscalYear = Table.AddColumn(AddIsWeekend, ""Fiscal Year"", each if Date.Month([Date]) >= 7 then Date.Year([Date]) + 1 else Date.Year([Date])),
					    AddFiscalQuarter = Table.AddColumn(AddFiscalYear, ""Fiscal Quarter"", each ""FQ"" & Text.From(Number.IntegerDivide((Date.Month([Date]) + 5), 3))),
					    #""Changed Type"" = Table.TransformColumnTypes(AddFiscalQuarter,{{""Date"", type date}, {""Year"", Int64.Type}, {""Month"", Int64.Type}, {""Day"", Int64.Type}, {""Month Name"", type text}, {""Year-Month"", type date}, {""Quarter"", type text}, {""Week Number"", Int64.Type}, {""Day of Week"", Int64.Type}, {""Day Name"", type text}, {""Is Weekend"", type logical}, {""Fiscal Year"", Int64.Type}, {""Fiscal Quarter"", type text}})
					
					in
					    #""Changed Type""
					```	
","TMDL","3","","2025-01-27T14:00:44.340Z","2025-01-27T14:00:44.340Z","2"
"10","Calendar Calc Table","createOrReplace

	table CalendarCalcTable
		lineageTag: c9536042-2999-430d-9a0e-e8727b611e50
		dataCategory: Time

		column Date
			isKey
			formatString: General Date
			lineageTag: a7eff6df-ce63-46c4-b61f-9c76efbe6e5d
			summarizeBy: none
			isNameInferred
			sourceColumn: [Date]

			annotation SummarizationSetBy = Automatic

		column Year
			formatString: 0
			lineageTag: a11735dd-b24b-451e-a4ed-94eb5392e477
			summarizeBy: sum
			isNameInferred
			sourceColumn: [Year]

			annotation SummarizationSetBy = Automatic

		column Quarter
			lineageTag: 1758ca02-fd69-4827-a060-d0778d761fec
			summarizeBy: none
			isNameInferred
			sourceColumn: [Quarter]

			annotation SummarizationSetBy = Automatic

		column Month
			formatString: 0
			lineageTag: ed5519d3-bd99-4fab-b438-be915c22df93
			summarizeBy: sum
			isNameInferred
			sourceColumn: [Month]

			annotation SummarizationSetBy = Automatic

		column 'End of Month'
			formatString: General Date
			lineageTag: 42e3aaf4-6c50-46b9-adb1-c22ed34749b4
			summarizeBy: none
			isNameInferred
			sourceColumn: [End of Month]

			annotation SummarizationSetBy = Automatic

		column 'Week of Year'
			formatString: 0
			lineageTag: fc9f5521-4b92-437c-ad41-dee85548035e
			summarizeBy: sum
			isNameInferred
			sourceColumn: [Week of Year]

			annotation SummarizationSetBy = Automatic

		column Weekday
			formatString: 0
			lineageTag: 8a96f0f5-2e82-4a24-9d5c-d3fe392143b1
			summarizeBy: sum
			isNameInferred
			sourceColumn: [Weekday]

			annotation SummarizationSetBy = Automatic

		column 'Month Name Short'
			lineageTag: 77f7f925-97d5-42ee-b8ad-9a839619d0f8
			summarizeBy: none
			isNameInferred
			sourceColumn: [Month Name Short]
			sortByColumn: Month

			annotation SummarizationSetBy = Automatic

		column 'Is Current or Past Month'
			lineageTag: 02077cd4-2382-4017-b5b9-c3b1b5708284
			summarizeBy: none
			isNameInferred
			sourceColumn: [Is Current or Past Month]

			annotation SummarizationSetBy = Automatic

		partition CalendarCalcTable = calculated
			mode: import
			source = ```
					
					VAR all_dates = CALENDARAUTO()
					RETURN
					    ADDCOLUMNS(
					        all_dates,
					        ""Year"", YEAR([Date]),
					        ""Quarter"", ""Q ""&QUARTER([Date]),
					        ""Month"", MONTH([Date]),
					        ""End of Month"", EOMONTH([Date], 0),
					        ""Week of Year"", WEEKNUM([Date]),
					        ""Weekday"", WEEKDAY([Date]),
					        ""Month Name Short"", FORMAT([Date], ""MMM""),
					        ""Is Current or Past Month"", IF([Date] <= EOMONTH(TODAY(), 0), ""Yes"", ""No"")
					
					        )
					    
					
					```

","TMDL","4","","2025-01-27T15:14:19.796Z","2025-01-27T15:14:19.796Z","2"
"11","Last Refresh Table - LocalNow()","createOrReplace

	table 'Last Refresh'
		lineageTag: 5dd3ba23-de73-456b-859c-bfe583556381

		measure 'Last Refresh Measure' = ""Last Refresh: "" & MAX('Last Refresh'[Last Refreshes])
			displayFolder: Meta
			lineageTag: c6586769-1520-47af-85b2-67bac79f8455

		column 'Last Refreshes'
			dataType: string
			isHidden
			lineageTag: 63b12083-fb4d-407a-975f-bfafdf3531ff
			summarizeBy: none
			sourceColumn: Last Refreshes

			changedProperty = IsHidden

			annotation SummarizationSetBy = Automatic

		partition 'Last Refresh' = m
			mode: import			
			source =
					let
					    #""Today"" = #table({""Last Refreshes""}, {{DateTime.From(DateTime.LocalNow())}})
					    in
					        #""Today""

		annotation PBI_ResultType = Table","TMDL","4","","2025-01-27T15:16:51.174Z","2025-02-03T23:03:47.481Z","5"
"9","""Measure"" table","createOrReplace

	table Measure		

		measure 'Sample Measure' = NOW()
			formatString: General Date			

		column Value
			isHidden						
			summarizeBy: sum
			isNameInferred
			sourceColumn: [Value]

		partition _Measures = calculated
			mode: import
			source = {BLANK()}
","TMDL","4","","2025-01-27T15:13:41.025Z","2025-01-27T15:13:41.025Z","1"
"12","Last Refresh With Europe MEZ Function adapted from Markus Wegener","createOrReplace

	table 'Last Refresh'
		lineageTag: c0699330-249d-42ca-b8f0-ff9fbbd427a0

		measure 'Last Refresh' = ""Last Refresh: "" & MAX('Last Refresh'[Last Refresh Timestamp])
			displayFolder: Meta
			lineageTag: 21571b32-a7a3-49fd-b4ee-88905bc5c9ef

		column 'Last Refresh Timestamp'
			dataType: dateTime
			isHidden
			formatString: General Date
			lineageTag: 8de71465-6a54-471a-81be-a3760e258a18
			summarizeBy: none
			sourceColumn: Last Refresh Timestamp

			annotation SummarizationSetBy = Automatic

		partition 'Last Refresh' = m
			mode: import
			source =
					let
					    Quelle = Table.FromRows({{#""UTC to CEST/CET""(DateTimeZone.UtcNow())}},{""Last Refresh""}),
					    #""Geänderter Typ"" = Table.TransformColumnTypes(Quelle,{{""Last Refresh"", type datetimezone}}),
					    #""Umbenannte Spalten"" = Table.RenameColumns(#""Geänderter Typ"",{{""Last Refresh"", ""Last Refresh Timestamp""}})
					in
					    #""Umbenannte Spalten""

		annotation PBI_NavigationStepName = Navigation

		annotation PBI_ResultType = Table
	
	expression 'UTC to CEST/CET' =
				(DateTimeZoneUTC as datetimezone) as datetimezone =>
				let
				    Jahr = Date.Year(DateTimeZoneUTC),
				    //Bestimmung Start der Sommerzeit
				    Sommerzeit = Date.StartOfWeek( #date(Jahr, 03, 31), Day.Sunday) & #time(1,0,0),
				    //Bestimmung Start der Winterzeit
				    Winterzeit = Date.StartOfWeek( #date(Jahr, 10, 31), Day.Sunday) & #time(1,0,0),
				    //Berechnung des Offset
				    Offset = if DateTimeZone.RemoveZone(DateTimeZoneUTC) >= Sommerzeit and DateTimeZone.RemoveZone(DateTimeZoneUTC) < Winterzeit then 2 else 1,
				    //Änderung der Zeitzoneninformation
				    DateTimeZoneMEZ = DateTimeZone.SwitchZone(DateTimeZoneUTC,Offset)
				in
				    DateTimeZoneMEZ
			lineageTag: 25393f5c-fc5f-4322-b0f9-c8b19f5606f8
			
			annotation PBI_NavigationStepName = Navigation

			annotation PBI_ResultType = Function
","TMDL","4","","2025-02-03T23:01:29.917Z","2025-02-03T23:05:57.640Z","0"
"13","PQ Date Table Function from Lars Schreiber ","CreateOrReplace
		expression Kalenderfunktion = ```
				let 
				    
				fn=(StartJahr, JahreInDieZukunft, optional Culture, optional StartFiskaljahr, optional Wochenstart )=>
				
				
				let
				/*
				JahreInDieZukunft = 2,
				StartJahr = 2017, 
				Culture = ""de-de"", 
				StartFiskaljahr = ""Feb"",
				Wochenstart = ""Di"", 
				*/
				    Heute = Date.From(DateTime.LocalNow()),
				    EndJahr = Date.Year(Date.From(DateTime.LocalNow())) + JahreInDieZukunft, 
				    StartFiskJahr = if StartFiskaljahr = null then ""Jan"" else StartFiskaljahr,
				    GetStartDay = if StartFiskJahr = ""Jan"" then #date(StartJahr,1,1) else Date.FromText(""01.""&StartFiskJahr &Number.ToText(StartJahr)),
				    GetEndDay = if StartFiskJahr = ""Jan"" then #date(EndJahr,12,31) else Date.EndOfMonth( Date.AddMonths( Date.AddYears( Date.FromText(""01.""&StartFiskJahr &Number.ToText(EndJahr)), 1), -1) ),
				    GetCultureDefaultGermany = if Culture = null then ""de-de"" else Culture, 
				    DayCount = Duration.Days(Duration.From(GetEndDay - GetStartDay)) + 1, 
				    GetListOfDates = List.Dates(GetStartDay,DayCount,#duration(1,0,0,0)), 
				    TableFromList = Table.FromList(GetListOfDates, Splitter.SplitByNothing()),    
				    ChangedType = Table.TransformColumnTypes(TableFromList,{{""Column1"", type date}}), 
				    Date = Table.Buffer( Table.RenameColumns(ChangedType,{{""Column1"", ""Datum""}}) ),
				    #""AddFull date Description"" = Table.AddColumn(Date, ""Volle Datumsbezeichnung"", each Date.ToText([Datum], ""dd. MMMM yyyy"", Culture), type text),
				    
				    //================================================
				    ErmittleWochenstart = 
				        if Wochenstart = null then 
				          1 
				        else  
				            List.Select( {
				              [Tag=""Mo"", Wochenstart= Day.Monday],
				              [Tag=""Di"", Wochenstart= Day.Tuesday],
				              [Tag=""Mi"", Wochenstart= Day.Wednesday],
				              [Tag=""Do"", Wochenstart= Day.Thursday],
				              [Tag=""Fr"", Wochenstart= Day.Friday],
				              [Tag=""Sa"", Wochenstart= Day.Saturday],
				              [Tag=""So"", Wochenstart= Day.Sunday]
				              }, each _[Tag] = Wochenstart ){0}[Wochenstart] ,
				    //================================================
				    
				    AddWeekDaySort = Table.AddColumn(#""AddFull date Description"", ""Tag der Woche #"", each Date.DayOfWeek([Datum], ErmittleWochenstart) + 1, Int64.Type),
				    AddMonthDaySort = Table.AddColumn(AddWeekDaySort, ""Tag des Monats #"", each Date.Day([Datum]), Int64.Type),
				    #""Tag des Jahres eingefügt"" = Table.AddColumn(AddMonthDaySort, ""Tag des Jahres #"", each Date.DayOfYear([Datum]), Int64.Type),
				    AddDayKey = Table.AddIndexColumn(#""Tag des Jahres eingefügt"", ""TagesKey #"", 1, 1, Int64.Type),
				    AddDayName = Table.AddColumn(AddDayKey, ""Name des Tages (TTTT)"", each Date.DayOfWeekName([Datum], Culture), type text),
				    AddDaysName2digits = Table.AddColumn(AddDayName, ""Name des Tages (TT)"", each Date.ToText([Datum],""ddd"", Culture), type text),
				    AddDaysName1digit = Table.AddColumn(AddDaysName2digits, ""Name des Tages (T)"", each Text.Start(Date.DayOfWeekName([Datum], Culture),1) & Text.Repeat(Character.FromNumber(8203), [#""Tag der Woche #""]), type text),
				    WT_WE_flag = Table.AddColumn(AddDaysName1digit, ""Wochentags_Flag"", each if [#""Tag der Woche #""] < 6 then ""Weekday"" else ""Weekend"", type text),
				    AddWeekOfYear = Table.AddColumn(WT_WE_flag, ""Woche #"", each Date.WeekOfYear([Datum]), Int64.Type),
				    #""Wochenbeginn eingefügt"" = Table.AddColumn(AddWeekOfYear, ""Woche Start"", each Date.StartOfWeek([Datum]), type date),
				    #""Wochenende eingefügt"" = Table.AddColumn(#""Wochenbeginn eingefügt"", ""Woche Ende"", each Date.EndOfWeek([Datum]), type date),
				    AddYearWeek = Table.AddColumn(#""Wochenende eingefügt"", ""JahrWoche #"", each Date.Year([Datum])*100+[#""Woche #""], Int64.Type),
				    TableWeekKey = /*List.Distinct(#""Geänderter Typ4""[YearWeek])*/ Table.AddIndexColumn(Table.TransformColumnTypes(Table.RenameColumns(Table.FromList(List.Sort(List.Distinct(AddYearWeek[#""JahrWoche #""]),Order.Ascending), Splitter.SplitByNothing(), null, null, ExtraValues.Error),{{""Column1"", ""YearWeek""}}),{{""YearWeek"", Int64.Type}}), ""WeekKey #"", 1, 1),
				    AddWeeKey = Table.NestedJoin(AddYearWeek,{""JahrWoche #""},TableWeekKey,{""YearWeek""},""WK"",JoinKind.LeftOuter),
				    #""Expanded WK"" = Table.ExpandTableColumn(AddWeeKey, ""WK"", {""WeekKey #""}, {""WochenKey #""}),
				    RemovedYearWeek = Table.RemoveColumns(#""Expanded WK"",{""JahrWoche #""}),
				    AddKW_Jahr = Table.AddColumn(RemovedYearWeek, ""Woche Jahr"", each ""KW""&Text.PadStart(Number.ToText([#""Woche #""]),2,""0"") &"" ""&Number.ToText(Date.Year([Datum])), type text),
				    AddJahr_KW = Table.AddColumn(AddKW_Jahr, ""Jahr Woche"", each Number.ToText(Date.Year([Datum])) &"" ""&""KW""&Text.PadStart(Number.ToText([#""Woche #""]),2,""0""), type text),
				    fnGetIsoWeekNumber = (MyDate as date) =>
				      //Source --> https://blogs.office.com/en-us/2009/06/30/week-numbers-in-excel/
				    let
				      //MyDate = #date(2016,1,3),
				      Part1 = Number.From(MyDate) - Number.From(#date(Date.Year(Date.From(Number.From(MyDate) - (Date.DayOfWeek(Date.AddDays(MyDate,-1), Day.Sunday) + 1) + 4)),1,3)),
				      Part2 = Date.DayOfWeek(#date(Date.Year(Date.From(Number.From(MyDate) - (Date.DayOfWeek(Date.AddDays(MyDate,-1), Day.Sunday) +1) + 4)),1,3), Day.Sunday)+1 + 5,
				      ISOWeekNumber = Number.IntegerDivide(Part1 + Part2, 7)
				    in
				      ISOWeekNumber,
				    AddIsoWeek = Table.AddColumn(AddJahr_KW, ""IsoKW #"", each fnGetIsoWeekNumber([Datum]), Int64.Type),
				    AddIsoYear = Table.AddColumn(AddIsoWeek,""IsoJahr #"",each Date.Year(Date.AddDays([Datum],3 - Date.DayOfWeek([Datum], 1))), Int64.Type),
				    AddIsoYear_IsoKW = Table.AddColumn(AddIsoYear, ""IsoJahr IsoKW"", each Text.From([#""IsoJahr #""]) &  "" KW"" & Text.PadStart(Text.From([#""IsoKW #""]),2,""0"") , type text),
				    AddIsoKW_IsoYear = Table.AddColumn(AddIsoYear_IsoKW, ""IsoKW IsoJahr"", each ""KW"" & Text.PadStart(Text.From([#""IsoKW #""]),2,""0"") &"" ""&Text.From([#""IsoJahr #""]), type text),
				    GetIsoKalenderwochenKey = Table.AddIndexColumn( Table.Distinct( Table.SelectColumns(AddIsoKW_IsoYear, {""IsoJahr IsoKW""}), {""IsoJahr IsoKW""}), ""IsoKWKey #"", 1, 1),
				    AddIsoKalenderwochenKey = Table.AddJoinColumn(AddIsoKW_IsoYear, {""IsoJahr IsoKW""}, GetIsoKalenderwochenKey, {""IsoJahr IsoKW""}, ""NEU""),
				    ExpandIsoKalenderwochenKey = Table.ExpandTableColumn(AddIsoKalenderwochenKey, ""NEU"", {""IsoKWKey #""}, {""IsoKWKey #""}),
				    AddMonthSort = Table.AddColumn(ExpandIsoKalenderwochenKey, ""Monat #"", each Date.Month([Datum]), Int64.Type),
				    AddMonthName = Table.AddColumn(AddMonthSort, ""Monat (MMMM)"", each Date.MonthName([Datum], Culture), type text),
				    AddMonthName3digits = Table.AddColumn(AddMonthName, ""Monat (MMM)"", each Date.ToText([Datum], ""MMM"", Culture), type text),
				    AddMonthName1digit = Table.AddColumn(AddMonthName3digits, ""Monat (M)"", each Text.Start(Date.MonthName([Datum], Culture),1) & Text.Repeat(Character.FromNumber(8203), [#""Monat #""]), type text),
				    AddMonthNameShort_Year = Table.AddColumn(AddMonthName1digit, ""Monat (MMM) Jahr"", each [#""Monat (MMM)""] &"" ""& Number.ToText(Date.Year([Datum])), type text),
				    #""AddJahr Monat (MMM)"" = Table.AddColumn(AddMonthNameShort_Year, ""Jahr Monat (MMM)"", each Number.ToText(Date.Year([Datum])) &"" ""&[#""Monat (MMM)""], type text),
				    AddYearMonth = Table.TransformColumnTypes(Table.AddColumn(#""AddJahr Monat (MMM)"", ""JahrMonat #"", each Date.Year([Datum])*100 + [#""Monat #""]),{{""JahrMonat #"", Int64.Type}}),
				    TableYearMonth = Table.AddIndexColumn(Table.TransformColumnTypes(Table.RenameColumns(Table.FromList(List.Sort(List.Distinct(AddYearMonth[#""JahrMonat #""]),Order.Ascending), Splitter.SplitByNothing(), null, null, ExtraValues.Error),{{""Column1"", ""YearMonth""}}),{{""YearMonth"", Int64.Type}}), ""YearMonthKey"", 1, 1),
				    #""Zusammenführte Abfragen"" = Table.NestedJoin(AddYearMonth,{""JahrMonat #""},TableYearMonth,{""YearMonth""},""MK"",JoinKind.LeftOuter),
				    #""Erweiterte MK"" = Table.ExpandTableColumn(#""Zusammenführte Abfragen"", ""MK"", {""YearMonthKey""}, {""MonatKey #""}),
				    #""Entfernte Spalten1"" = Table.RemoveColumns(#""Erweiterte MK"",{""JahrMonat #""}),
				    AddSoM = Table.AddColumn(#""Entfernte Spalten1"", ""Monatsbeginn"", each Date.StartOfMonth([Datum]), type date),
				    AddEoM = Table.AddColumn(AddSoM, ""Monatsende"", each Date.EndOfMonth([Datum]), type date),
				    AddQuarter = Table.AddColumn(AddEoM, ""Quartal #"", each Date.QuarterOfYear([Datum]), Int64.Type),
				    AddQuarterName = Table.AddColumn(AddQuarter, ""Quartal"", each ""Q"" & Number.ToText([#""Quartal #""]), type text),
				    AddQuartal_Jahr = Table.AddColumn(AddQuarterName, ""Quartal Jahr"", each ""Q""&Number.ToText([#""Quartal #""]) &""-""&Number.ToText(Date.Year([Datum])), type text),
				    AddJahr_Quartal = Table.AddColumn(AddQuartal_Jahr, ""Jahr Quartal"", each Number.ToText(Date.Year([Datum])) & ""-Q"" & Number.ToText([#""Quartal #""]), type text),
				    AddYearQuarter = Table.AddColumn(AddJahr_Quartal, ""Jahr Quartal #"", each Date.Year([Datum]) * 100 + [#""Quartal #""], Int64.Type),
				    TableYearQuarter = Table.AddIndexColumn(Table.TransformColumnTypes(Table.RenameColumns(Table.FromList(List.Sort(List.Distinct(#""AddYearQuarter""[#""Jahr Quartal #""]),Order.Ascending), Splitter.SplitByNothing(), null, null, ExtraValues.Error),{{""Column1"", ""YearQuarter""}}),{{""YearQuarter"", Int64.Type}}), ""QuartalKey"", 1, 1),
				    GetQuartalKey = Table.NestedJoin(AddYearQuarter,{""Jahr Quartal #""},TableYearQuarter,{""YearQuarter""},""QK"",JoinKind.LeftOuter),
				    AddQuartalKey = Table.ExpandTableColumn(GetQuartalKey, ""QK"", {""QuartalKey""}, {""QuartalKey #""}),
				    #""Entfernte Spalten"" = Table.RemoveColumns(AddQuartalKey,{""Jahr Quartal #""}),
				    AddHalfYearSort = Table.TransformColumnTypes(Table.AddColumn(#""Entfernte Spalten"", ""Halbjahr #"", each if Date.Month([Datum]) < 7 then 1 else 2),{{""Halbjahr #"", Int64.Type}}),
				    AddHalfYearName = Table.AddColumn(AddHalfYearSort, ""Halbjahr"", each ""HJ "" & Number.ToText([#""Halbjahr #""]), type text),
				    AddHalbjahr_Jahr = Table.AddColumn(AddHalfYearName, ""Halbjahr Jahr"", each ""HJ ""&Number.ToText([#""Halbjahr #""])&""-""&Number.ToText(Date.Year([Datum])), type text),
				    #""Hinzugefügte benutzerdefinierte Spalte3"" = Table.AddColumn(AddHalbjahr_Jahr, ""Jahr Halbjahr"", each Number.ToText(Date.Year([Datum]))&""-""& ""HJ ""&Number.ToText([#""Halbjahr #""]), type text),
				    AddYearHalfYear = Table.TransformColumnTypes(Table.AddColumn(#""Hinzugefügte benutzerdefinierte Spalte3"", ""JahrHalbjahr #"", each Date.Year([Datum])*100+[#""Halbjahr #""]),{{""JahrHalbjahr #"", Int64.Type}}),
				    TableYearHalfYear = Table.AddIndexColumn(Table.TransformColumnTypes(Table.RenameColumns(Table.FromList(List.Sort(List.Distinct(AddYearHalfYear[#""JahrHalbjahr #""]),Order.Ascending), Splitter.SplitByNothing(), null, null, ExtraValues.Error),{{""Column1"", ""YearHalfYear""}}),{{""YearHalfYear"", Int64.Type}}), ""HalfYearKey"", 1, 1),
				    GetHalfYearKey = Table.NestedJoin(AddYearHalfYear,{""JahrHalbjahr #""},TableYearHalfYear,{""YearHalfYear""},""HYK"",JoinKind.LeftOuter),
				    AddHalfYearKey = Table.ExpandTableColumn(GetHalfYearKey, ""HYK"", {""HalfYearKey""}, {""HalbjahrKey #""}),
				    #""Entfernte Spalten4"" = Table.RemoveColumns(AddHalfYearKey,{""JahrHalbjahr #""}),
				    AddYear = Table.AddColumn(#""Entfernte Spalten4"", ""Jahr #"", each Date.Year([Datum]), Int64.Type),
				    AddJahrKey = Table.AddColumn(AddYear, ""JahrKey #"", each [#""Jahr #""] - List.Min(AddYear[#""Jahr #""]) + 1, Int64.Type),
				    IsLeapYear = Table.Buffer( Table.TransformColumnTypes(Table.AddColumn(AddJahrKey, ""Schaltjahr"", each Number.From( Date.IsLeapYear( [Datum] ))),{{""Schaltjahr"", Int64.Type}}) ),
				
				    fnKeysTodayRecord =
				      let
				      TabelleAufHeuteFiltern = Table.SelectRows(IsLeapYear, each _[Datum] = Heute),
				      Output = 
				        [
				          TagesKeyHeute = TabelleAufHeuteFiltern[#""TagesKey #""]{0}, 
				          WochenKeyHeute = TabelleAufHeuteFiltern[#""WochenKey #""]{0},
				          IsoKWHeute = TabelleAufHeuteFiltern[#""IsoKWKey #""]{0},
				          MonatKeyHeute = TabelleAufHeuteFiltern[#""MonatKey #""]{0},
				          QuartalKeyHeute = TabelleAufHeuteFiltern[#""QuartalKey #""]{0},
				          HalbjahrKeyHeute = TabelleAufHeuteFiltern[#""HalbjahrKey #""]{0},
				          JahrKeyHeute = TabelleAufHeuteFiltern[#""JahrKey #""]{0}
				        ]
				      in
				      Output, 
				    AddRelativerTag = Table.AddColumn(IsLeapYear, ""Relativer Tag #"", each [#""TagesKey #""] - fnKeysTodayRecord[TagesKeyHeute], Int64.Type),
				    AddRelativeWoche = Table.AddColumn(AddRelativerTag, ""Relative Woche #"", each [#""WochenKey #""] - fnKeysTodayRecord[WochenKeyHeute], Int64.Type),
				    AddRelativeIsoWoche = Table.AddColumn(AddRelativeWoche, ""Relative IsoWoche #"", each [#""IsoKWKey #""] - fnKeysTodayRecord[IsoKWHeute], Int64.Type),
				    AddRelativerMonat = Table.AddColumn(AddRelativeIsoWoche, ""Relativer Monat #"", each [#""MonatKey #""] - fnKeysTodayRecord[MonatKeyHeute], Int64.Type),
				    AddRelativesQuartal = Table.AddColumn(AddRelativerMonat, ""Relatives Quartal #"", each [#""QuartalKey #""] - fnKeysTodayRecord[QuartalKeyHeute], Int64.Type),
				    AddRelativesHalbjahr = Table.AddColumn(AddRelativesQuartal, ""Relatives Halbjahr #"", each [#""HalbjahrKey #""] - fnKeysTodayRecord[HalbjahrKeyHeute], Int64.Type),
				    AddRelativesJahr = Table.AddColumn(AddRelativesHalbjahr, ""Relatives Jahr #"", each [#""JahrKey #""] - fnKeysTodayRecord[JahrKeyHeute], Int64.Type),
				    
				    //2Go-Ermittlung
				    ListGetWeek2Go = List.Buffer( Table.SelectRows(AddRelativesJahr, each [#""Relative Woche #""] = 0 and [Datum] > Heute)[Datum] ),
				    ListGetIsoWeek2Go = List.Buffer( Table.SelectRows(AddRelativesJahr, each [#""Relative IsoWoche #""] = 0 and [Datum] > Heute)[Datum] ),
				    ListGetMonth2Go = List.Buffer( Table.SelectRows(AddRelativesJahr, each [#""Relativer Monat #""] = 0 and [Datum] > Heute)[Datum] ),
				    ListGetQuarter2Go = List.Buffer( Table.SelectRows(AddRelativesJahr, each [#""Relatives Quartal #""] = 0 and [Datum] > Heute)[Datum] ),
				    ListGetHalfYear2Go = List.Buffer( Table.SelectRows(AddRelativesJahr, each [#""Relatives Halbjahr #""] = 0 and [Datum] > Heute)[Datum] ),
				    ListGetYear2Go = List.Buffer( Table.SelectRows(AddRelativesJahr, each [#""Relatives Jahr #""] = 0 and [Datum] > Heute)[Datum] ),
				    
				    AddCol_Woche2Go = Table.AddColumn( AddRelativesJahr, ""Woche 2 Go"", each Number.From( List.Contains(ListGetWeek2Go, [Datum]) ), Int64.Type),
				    AddCol_IsoWoche2Go = Table.AddColumn( AddCol_Woche2Go, ""IsoWoche 2 Go"", each Number.From( List.Contains(ListGetIsoWeek2Go, [Datum]) ), Int64.Type),
				    AddCol_Monat2Go = Table.AddColumn( AddCol_IsoWoche2Go, ""Monat 2 Go"", each Number.From( List.Contains(ListGetMonth2Go, [Datum]) ), Int64.Type),
				    AddCol_Quartal2Go = Table.AddColumn( AddCol_Monat2Go, ""Quartal 2 Go"", each Number.From( List.Contains(ListGetQuarter2Go, [Datum]) ), Int64.Type),
				    AddCol_Halbjahr2Go = Table.AddColumn( AddCol_Quartal2Go, ""Halbjahr 2 Go"", each Number.From( List.Contains(ListGetHalfYear2Go, [Datum]) ), Int64.Type),
				    AddCol_Jahr2Go = Table.AddColumn( AddCol_Halbjahr2Go, ""Jahr 2 Go"", each Number.From( List.Contains(ListGetYear2Go, [Datum]) ), Int64.Type),
				    //==============================================================================Fiskaljahresberechnungen=================================================================
				    GetStartMonatsnummerFiskaljahr = List.PositionOf({""Jan"", ""Feb"", ""Mrz"", ""Apr"", ""Mai"", ""Jun"", ""Jul"", ""Aug"", ""Sep"", ""Okt"", ""Nov"", ""Dez""}, StartFiskJahr ) + 1,
				    
				    AddFiscalYear = Table.AddColumn(AddCol_Jahr2Go, ""Fiskaljahr #"", each if Date.Month([Datum]) < GetStartMonatsnummerFiskaljahr then Date.Year([Datum]) else Date.Year([Datum]) + 1
				, Int64.Type),
				    #""Hinzugefügte benutzerdefinierte Spalte"" = Table.AddColumn(AddFiscalYear, ""Fiskaljahr"", each if Date.Month([Datum]) < GetStartMonatsnummerFiskaljahr then ""FJ "" &  Number.ToText(Date.Year([Datum])) else ""FJ "" & Number.ToText(Date.Year([Datum]) + 1), type text),
				    #""AddFiscalDay#"" = Table.AddColumn(#""Hinzugefügte benutzerdefinierte Spalte"", ""Fiskaltag #"", each 
				    [
				        FJStart = Date.FromText(StartFiskaljahr &"" ""& Number.ToText([#""Fiskaljahr #""] - 1)),
				        FJEnde = Date.AddDays(Date.AddMonths(FJStart, 12), -1),
				        ListOfFiscalDates = List.Buffer( List.Transform( {Number.From(FJStart)..Number.From(FJEnde)}, each Date.From(_)) ),
				        Position = List.PositionOf(ListOfFiscalDates, [Datum]) + 1
				    ][Position], type number),
				    #""AddFiscalMonth#"" = Table.AddColumn(#""AddFiscalDay#"", ""Fiskalmonat #"", each if ( Date.Month([Datum]) >= GetStartMonatsnummerFiskaljahr) then Date.Month([Datum]) - GetStartMonatsnummerFiskaljahr +1 
				else 
				Date.Month([Datum])+13-GetStartMonatsnummerFiskaljahr, Int64.Type),
				    AddFiskalmonat_MMMM = Table.AddColumn(#""AddFiscalMonth#"", ""Fiskalmonat (MMMM)"", each Date.MonthName([Datum]), type text),
				    Add_Fiskalmonat_MMM = Table.AddColumn(AddFiskalmonat_MMMM, ""Fiskalmonat (MMM)"", each Date.ToText([Datum], ""MMM"", Culture), type text),
				    AddFiskalmonat_MM = Table.AddColumn(Add_Fiskalmonat_MMM, ""Fiskalmonat (M)"", each Text.Start(Date.MonthName([Datum], Culture),1) & Text.Repeat(Character.FromNumber(8203), [#""Monat #""]), type text),
				    Add_FiskalQuartal = Table.TransformColumnTypes(Table.AddColumn(AddFiskalmonat_MM, ""Fiskalquartal #"", each Number.RoundUp([#""Fiskalmonat #""]/3 ,0)), {{""Fiskalquartal #"", Int64.Type}}),
				    #""Hinzugefügte benutzerdefinierte Spalte1"" = Table.AddColumn(Add_FiskalQuartal, ""Fiskalquartal"", each ""FQ "" & Number.ToText([#""Fiskalquartal #""]), type text),
				    #""Hinzugefügte benutzerdefinierte Spalte2"" = Table.AddColumn(#""Hinzugefügte benutzerdefinierte Spalte1"", ""Fiskalquartal Fiskaljahr"", each [Fiskalquartal]&""-FJ ""&Number.ToText([#""Fiskaljahr #""]), type text),
				    AddFiscalYearQuarterName = Table.AddColumn(#""Hinzugefügte benutzerdefinierte Spalte2"", ""Fiskaljahr Fiskalquartal"", each ""FJ ""&Text.From([#""Fiskaljahr #""]) &""-FQ"" & Text.From([#""Fiskalquartal #""]), type text),
				    AddFiscalYearQuarter = Table.AddColumn(AddFiscalYearQuarterName, ""Fiskal_JahrQuartal"", each [#""Fiskaljahr #""]* 100 + [#""Fiskalquartal #""], Int64.Type),
				    TableFiscalYearQuarter = Table.AddIndexColumn(Table.TransformColumnTypes(Table.RenameColumns(Table.FromList(List.Sort(List.Distinct(#""AddFiscalYearQuarter""[#""Fiskal_JahrQuartal""]),Order.Ascending), Splitter.SplitByNothing(), null, null, ExtraValues.Error),{{""Column1"", ""Fiscal_YearQuarter""}}),{{""Fiscal_YearQuarter"", Int64.Type}}), ""Fiskal_QuartalKey"", 1, 1),
				    GetFiscalYearQuarterKey = Table.NestedJoin(AddFiscalYearQuarter,{""Fiskal_JahrQuartal""},TableFiscalYearQuarter,{""Fiscal_YearQuarter""},""FYQ"",JoinKind.LeftOuter),
				    #""Erweiterte FYQ"" = Table.ExpandTableColumn(GetFiscalYearQuarterKey, ""FYQ"", {""Fiskal_QuartalKey""}, {""FiskalQuartalKey #""}),
				    #""Entfernte Spalten2"" = Table.RemoveColumns(#""Erweiterte FYQ"",{""Fiskal_JahrQuartal""}),
				    AddFiscalHalfYear = Table.TransformColumnTypes(Table.AddColumn(#""Entfernte Spalten2"", ""Fiskalhalbjahr #"", each if [#""Fiskalmonat #""]<7 then 1 else 2), {{""Fiskalhalbjahr #"", Int64.Type}}),
				    AddFiscalHalfYearName = Table.AddColumn(AddFiscalHalfYear, ""Fiskalhalbjahr"", each ""FHJ "" & Number.ToText([#""Fiskalhalbjahr #""]), type text),
				    AddFiscalYearHalfYearName = Table.AddColumn(AddFiscalHalfYearName, ""Fiskaljahr Fiskalhalbjahr"", each ""FJ "" &Text.From([#""Fiskaljahr #""]) & ""-FHJ"" & Text.From([#""Fiskalhalbjahr #""]), type text),
				    #""Hinzugefügte benutzerdefinierte Spalte4"" = Table.AddColumn(AddFiscalYearHalfYearName, ""Fiskalhalbjahr Fiskaljahr"", each ""FHJ "" & Text.From([#""Fiskalhalbjahr #""])&""-FJ "" &Text.From([#""Fiskaljahr #""]), type text),
				    AddFiscalYearHalfYear = Table.AddColumn(#""Hinzugefügte benutzerdefinierte Spalte4"", ""Fiskal_JahrHalbjahr"", each [#""Fiskaljahr #""] * 100 + [#""Fiskalhalbjahr #""], Int64.Type),
				    TableFiscalYearHalfYear = Table.AddIndexColumn(Table.TransformColumnTypes(Table.RenameColumns(Table.FromList(List.Sort(List.Distinct(#""AddFiscalYearHalfYear""[Fiskal_JahrHalbjahr]),Order.Ascending), Splitter.SplitByNothing(), null, null, ExtraValues.Error),{{""Column1"", ""Fiscal_YearHalfYear""}}),{{""Fiscal_YearHalfYear"", Int64.Type}}), ""Fiskal_HalbjahresKey"", 1, 1),
				    GetFiscalYearHalfYearKey = Table.NestedJoin(AddFiscalYearHalfYear,{""Fiskal_JahrHalbjahr""},TableFiscalYearHalfYear,{""Fiscal_YearHalfYear""},""FYHY"",JoinKind.LeftOuter),
				    #""Erweiterte FYHY"" = Table.ExpandTableColumn(GetFiscalYearHalfYearKey, ""FYHY"", {""Fiskal_HalbjahresKey""}, {""FiskalhalbjahresKey #""}),
				    AddFiscalYearKey = Table.AddColumn(#""Erweiterte FYHY"", ""FiskalJahresKey #"", each [#""Fiskaljahr #""] - List.Min(#""Erweiterte FYHY""[#""Fiskaljahr #""]) + 1, Int64.Type),
				    #""Entfernte Spalten3"" = Table.RemoveColumns(AddFiscalYearKey,{""Fiskal_JahrHalbjahr""}),
				
				
				fnKeysTodayRecordFiscal =
				      let
				      TabelleAufHeuteFiltern = Table.SelectRows(#""Entfernte Spalten3"", each _[Datum] = Heute),
				      Output = 
				        [
				          FiscalQuartalKeyHeute = TabelleAufHeuteFiltern[#""FiskalQuartalKey #""]{0},
				          FiskalHalbjahrKeyHeute = TabelleAufHeuteFiltern[#""FiskalhalbjahresKey #""]{0},
				          FiskalJahrKeyHeute = TabelleAufHeuteFiltern[#""FiskalJahresKey #""]{0}
				        ]
				      in
				      Output,
				
				  //Relative Fiscal-Einheiten
				   AddRelativesFiskalQuartal = Table.AddColumn(#""Entfernte Spalten3"", ""Relatives FiskalQuartal #"", each [#""FiskalQuartalKey #""] - fnKeysTodayRecordFiscal[FiscalQuartalKeyHeute], Int64.Type),
				    AddRelativesFiskalHalbjahr = Table.AddColumn(AddRelativesFiskalQuartal, ""Relatives FiskalHalbjahr #"", each [#""FiskalhalbjahresKey #""] - fnKeysTodayRecordFiscal[FiskalHalbjahrKeyHeute], Int64.Type),
				    AddRelativesFiskalJahr = Table.AddColumn(AddRelativesFiskalHalbjahr, ""Relatives FiskalJahr #"", each [#""FiskalJahresKey #""] - fnKeysTodayRecordFiscal[FiskalJahrKeyHeute], Int64.Type),
				
				    //2Go-Ermittlung
				    ListGetFiscalQuarter2Go = List.Buffer( Table.SelectRows(AddRelativesFiskalJahr, each [#""Relatives FiskalQuartal #""] = 0 and [Datum] > Heute)[Datum] ),
				    ListGetFiscalHalfYear2Go = List.Buffer( Table.SelectRows(AddRelativesFiskalJahr, each [#""Relatives FiskalHalbjahr #""] = 0 and [Datum] > Heute)[Datum] ),
				    ListGetFiscalYear2Go = List.Buffer( Table.SelectRows(AddRelativesFiskalJahr, each [#""Relatives FiskalJahr #""] = 0 and [Datum] > Heute)[Datum] ),
				
				    AddCol_FiskalQuartal2Go = Table.AddColumn( AddRelativesFiskalJahr, ""FiskalQuartal 2 Go"", each Number.From( List.Contains(ListGetFiscalQuarter2Go, [Datum]) ), Int64.Type),
				    AddCol_FiskalHalbJahr2Go = Table.AddColumn( AddCol_FiskalQuartal2Go, ""FiskalHalbjahr 2 Go"", each Number.From( List.Contains(ListGetFiscalHalfYear2Go, [Datum]) ), Int64.Type),
				    AddCol_FiskalJahr2Go = Table.AddColumn( AddCol_FiskalHalbJahr2Go, ""FiskalJahr 2 Go"", each Number.From( List.Contains(ListGetFiscalYear2Go, [Datum]) ), Int64.Type),
				
				
				    //==============================================================================Fiskaljahresberechnungen=================================================================
				    Output = if StartFiskJahr = ""Jan"" then AddCol_Jahr2Go else AddCol_FiskalJahr2Go
				in
				    Output
				
				  ,
				    fnType = type function(
				              StartJahr as number,
				              JahreInDieZukunft as number, 
				              optional Culture as (type text meta [Documentation.AllowedValues={""de-de"", ""en-US"", ""fr-FR"", ""es-ES""}]), 
				              optional StartFiskaljahr as (type text meta[Documentation.AllowedValues={""Jan"", ""Feb"", ""Mrz"", ""Apr"", ""Mai"", ""Jun"", ""Jul"", ""Aug"", ""Sep"", ""Okt"", ""Nov"", ""Dez""}]),
				              optional Wochenstart as (type text meta[Documentation.AllowedValues={""Mo"", ""Di"", ""Mi"", ""Do"", ""Fr"", ""Sa"", ""So""}])
				               ) as table meta [
				                                Documentation.Name=""fnCalendar (von Lars Schreiber --> ssbi-blog.de)"",
				                                Documentation.LongDescription=""Diese Funktion erstellt eine Kalendertabelle, angelehnt an den Vorschlägen der Kimball-Group."",
				                                Documentation.Author=""Lars Schreiber, ssbi-blog.de"",
				                                Documentation.Examples=
				                                    {[
				                                        Description = ""Gibt eine Kalendertabelle zurück, die in 2019 beginnt und ausgehend vom aktuellen Jahr automatisch um ein Jahr in die Zukunft mitwächst."",
				                                        Code = ""fnKalender(2019, 1, null, null, null)"",
				                                        Result =""""
				                                        
				                                    ],[
				                                        Description = ""Gibt eine Kalendertabelle zurück, die in 2019 beginnt und ausgehend vom aktuellen Jahr automatisch um ein Jahr in die Zukunft mitwächst. Es werden weitere Spalten integriert, die der Logik einer Fiskaljahres entsprechen, das im Juli beginnnt und im Juni des Folgejahres endet."",
				                                        Code = ""fnKalender(2019, 1, null, """"Jul"""", null)"",
				                                        Result =""""
				                                        
				                                    ]} 
				                                ]
				in
				Value.ReplaceType(fn, fnType)
				```
			lineageTag: c18a08f1-258e-47ea-9f27-e0f7a12f3e00

			annotation PBI_NavigationStepName = Navigation

			annotation PBI_ResultType = Function","TMDL","4","","2025-02-03T23:07:41.188Z","2025-02-03T23:11:30.979Z","0"
"14","Data Model Documentation original by Martyn Booth ","createOrReplace

		/// A list of all the tables in the Semantic Model
		table _Tables
			isHidden
			lineageTag: a12824f8-f396-4e61-8d3a-7a5354462a6c

			column '_Table ID'
				isHidden
				formatString: 0
				isAvailableInMdx: false
				lineageTag: 5aa6ba2e-883b-4da3-b873-2216fbdecefa
				summarizeBy: none
				sourceColumn: [ID]

				annotation SummarizationSetBy = Automatic

			column 'Table Name'
				isHidden
				isKey
				lineageTag: 659231d6-9f6d-4239-8df8-9793af35f169
				isDefaultLabel
				summarizeBy: none
				sourceColumn: [Name]

				annotation SummarizationSetBy = Automatic

				annotation BestPracticeAnalyzer_IgnoreRules = {""RuleIDs"":[""RELATIONSHIP_COLUMNS_SHOULD_BE_OF_INTEGER_DATA_TYPE""]}

			column Model
				isHidden
				lineageTag: b654f931-9323-427a-8f9d-9977775d71f0
				summarizeBy: none
				isNameInferred
				sourceColumn: [Model]

				annotation SummarizationSetBy = Automatic

			column 'Data Category'
				isHidden
				lineageTag: 23b50b39-5796-4443-8f22-6dc6a29a7480
				summarizeBy: none
				sourceColumn: [DataCategory]

				annotation SummarizationSetBy = Automatic

			column Description
				isHidden
				lineageTag: 2a062f18-300f-465f-b610-e5dfeac72d45
				summarizeBy: none
				isNameInferred
				sourceColumn: [Description]

				annotation SummarizationSetBy = Automatic

			column 'Is Hidden?'
				isHidden
				formatString: """"""TRUE"""";""""TRUE"""";""""FALSE""""""
				lineageTag: c355f482-b586-4a46-b89e-ecf39c007a26
				summarizeBy: none
				sourceColumn: [IsHidden]

				annotation SummarizationSetBy = Automatic

			column 'Storage Mode'
				isHidden
				lineageTag: 70ee7f84-316a-4ddd-bb50-ca6c550e13f7
				summarizeBy: none
				sourceColumn: [StorageMode]

				annotation SummarizationSetBy = Automatic

			column 'Table Storage'
				isHidden
				lineageTag: 57e20956-8839-441f-8d8a-2c2d812bd5dc
				summarizeBy: none
				sourceColumn: [TableStorage]

				annotation SummarizationSetBy = Automatic

			column Expression
				isHidden
				lineageTag: 3d0a9260-bf97-49c3-ac6e-4b3cca50c8fd
				summarizeBy: none
				isNameInferred
				sourceColumn: [Expression]

				annotation SummarizationSetBy = Automatic

			column 'Show As Variation Only?'
				isHidden
				formatString: """"""TRUE"""";""""TRUE"""";""""FALSE""""""
				lineageTag: 7ece421b-ebe7-416b-8a15-557d7f61184e
				summarizeBy: none
				sourceColumn: [ShowAsVariationOnly]

				annotation SummarizationSetBy = Automatic

			column 'Is Private?'
				isHidden
				formatString: """"""TRUE"""";""""TRUE"""";""""FALSE""""""
				lineageTag: 299b69a5-eabc-405e-a5fe-d8e9d238131a
				summarizeBy: none
				sourceColumn: [IsPrivate]

				annotation SummarizationSetBy = Automatic

			column 'Calculation Group Precedence'
				isHidden
				formatString: 0
				lineageTag: 22fa056d-fcfc-45bf-818c-00e9505d0508
				summarizeBy: none
				sourceColumn: [CalculationGroupPrecedence]

				annotation SummarizationSetBy = Automatic

			column 'Lineage Tag'
				isHidden
				lineageTag: 1fdae9cf-285f-4ca9-a53c-5e2d47bb2696
				summarizeBy: none
				sourceColumn: [LineageTag]

				annotation SummarizationSetBy = Automatic

			partition _Tables = calculated
				mode: import
				source = ```
						INFO.VIEW.TABLES() 
						```

			annotation PBI_Id = bf7920e477ab4fcd96a178a28a96d790

			annotation TabularEditor_TableGroup = Documentation

			annotation BestPracticeAnalyzer_IgnoreRules = {""RuleIDs"":[""REDUCE_USAGE_OF_CALCULATED_TABLES""]}

		/// Lists all the Columns in the Semantic Model
		table _Columns
			isHidden
			lineageTag: f3c02c1e-dd22-4f5e-a985-b0fec00204c2

			/// The Unique Identifier of the Column
			column '_Column ID'
				isHidden
				formatString: 0
				isAvailableInMdx: false
				lineageTag: 0a093388-f48a-4c8a-b9fe-8ef1a3d84bb1
				isDefaultLabel
				summarizeBy: count
				sourceColumn: [ID]

				annotation SummarizationSetBy = Automatic

			/// Display name of the column
			column 'Column Name'
				isHidden
				lineageTag: b15fd83d-d7b2-4149-b512-921b3235e7cc
				summarizeBy: none
				sourceColumn: [Name]

				annotation SummarizationSetBy = Automatic

			column Table
				isHidden
				lineageTag: 3d50e613-c244-49f6-bfde-7c06ed728399
				summarizeBy: none
				isNameInferred
				sourceColumn: [Table]

				annotation SummarizationSetBy = Automatic

				annotation BestPracticeAnalyzer_IgnoreRules = {""RuleIDs"":[""HIDE_FOREIGN_KEYS"",""RELATIONSHIP_COLUMNS_SHOULD_BE_OF_INTEGER_DATA_TYPE""]}

			/// The data type, such as Integer or Text
			column 'Data Type'
				isHidden
				lineageTag: f3487a51-e4fc-4e06-b040-a962e999cd46
				summarizeBy: none
				sourceColumn: [DataType]

				annotation SummarizationSetBy = Automatic

			/// The category of data, such as Image URL, Country etc
			column 'Data Category'
				isHidden
				lineageTag: 0c359b49-4230-4ede-a5e6-658967bd6753
				summarizeBy: none
				sourceColumn: [DataCategory]

				annotation SummarizationSetBy = Automatic

				annotation BestPracticeAnalyzer_IgnoreRules = {""RuleIDs"":[""REMOVE_REDUNDANT_COLUMNS_IN_RELATED_TABLES""]}

			column Description
				isHidden
				lineageTag: bebaf581-d968-4fda-b7bc-275ec1438dc6
				summarizeBy: none
				isNameInferred
				sourceColumn: [Description]

				annotation SummarizationSetBy = Automatic

				annotation BestPracticeAnalyzer_IgnoreRules = {""RuleIDs"":[""REMOVE_REDUNDANT_COLUMNS_IN_RELATED_TABLES""]}

			column 'Is Hidden?'
				isHidden
				formatString: """"""TRUE"""";""""TRUE"""";""""FALSE""""""
				lineageTag: 9680bfda-3d4f-4e71-96b9-ac297990cd34
				summarizeBy: none
				sourceColumn: [IsHidden]

				annotation SummarizationSetBy = Automatic

				annotation BestPracticeAnalyzer_IgnoreRules = {""RuleIDs"":[""REMOVE_REDUNDANT_COLUMNS_IN_RELATED_TABLES""]}

			column 'Is Unique?'
				isHidden
				formatString: """"""TRUE"""";""""TRUE"""";""""FALSE""""""
				lineageTag: 22d1be33-65fb-4f24-a90e-d93e20589f6f
				summarizeBy: none
				sourceColumn: [IsUnique]

				annotation SummarizationSetBy = Automatic

			column 'Is Key?'
				isHidden
				formatString: """"""TRUE"""";""""TRUE"""";""""FALSE""""""
				lineageTag: 42ad4993-8a8c-43d0-9265-1da9ebd048db
				summarizeBy: none
				sourceColumn: [IsKey]

				annotation SummarizationSetBy = Automatic

			column 'Is Nullable?'
				isHidden
				formatString: """"""TRUE"""";""""TRUE"""";""""FALSE""""""
				lineageTag: f549afe0-d7af-4e60-b5af-20b943123db4
				summarizeBy: none
				sourceColumn: [IsNullable]

				annotation SummarizationSetBy = Automatic

			/// The alignment of the column
			column Alignment
				isHidden
				lineageTag: fa1d95a9-3294-4355-a464-133bcca4bb81
				summarizeBy: none
				isNameInferred
				sourceColumn: [Alignment]

				annotation SummarizationSetBy = Automatic

			column 'Summarize By'
				isHidden
				lineageTag: 55d027c0-973b-44f9-ab80-595fe2fd374c
				summarizeBy: none
				sourceColumn: [SummarizeBy]

				annotation SummarizationSetBy = Automatic

			column 'Column Storage'
				isHidden
				lineageTag: 8327a2b5-8fc6-4ee4-a502-7f20b7645667
				summarizeBy: none
				sourceColumn: [ColumnStorage]

				annotation SummarizationSetBy = Automatic

			column Type
				isHidden
				lineageTag: bf9e36e9-0da5-47f4-97e7-fe548b73bc4a
				summarizeBy: none
				isNameInferred
				sourceColumn: [Type]

				annotation SummarizationSetBy = Automatic

			column 'Source Column'
				isHidden
				lineageTag: 4b3d2705-2529-43f1-8d74-18443c1324a3
				summarizeBy: none
				sourceColumn: [SourceColumn]

				annotation SummarizationSetBy = Automatic

			column Expression
				isHidden
				lineageTag: 0e0f05ff-b461-484c-a78c-987af99a5c71
				summarizeBy: none
				isNameInferred
				sourceColumn: [Expression]

				annotation SummarizationSetBy = Automatic

				annotation BestPracticeAnalyzer_IgnoreRules = {""RuleIDs"":[""REMOVE_REDUNDANT_COLUMNS_IN_RELATED_TABLES""]}

			column 'Format String'
				isHidden
				lineageTag: 0ce0e670-9091-4c6a-b5ef-f60a255727d5
				summarizeBy: none
				sourceColumn: [FormatString]

				annotation SummarizationSetBy = Automatic

			column 'Is Available In MDX?'
				isHidden
				formatString: """"""TRUE"""";""""TRUE"""";""""FALSE""""""
				lineageTag: 3f82829a-475a-411e-bf22-c4be944205f6
				summarizeBy: none
				sourceColumn: [IsAvailableInMDX]

				annotation SummarizationSetBy = Automatic

			column 'Sort By Column'
				isHidden
				lineageTag: 50905dd5-2b3e-45f7-bd9f-9a211c54834e
				summarizeBy: none
				sourceColumn: [SortByColumn]

				annotation SummarizationSetBy = Automatic

			column 'Grouping Behavior'
				isHidden
				lineageTag: 118eb755-33bd-4025-8c06-f413516e72a4
				summarizeBy: none
				sourceColumn: [GroupingBehavior]

				annotation SummarizationSetBy = Automatic

			column 'Source Provider Type'
				isHidden
				lineageTag: d6c7d44b-da47-4b23-8860-9dbabcd357c8
				summarizeBy: none
				sourceColumn: [SourceProviderType]

				annotation SummarizationSetBy = Automatic

			column 'Display Folder'
				isHidden
				lineageTag: 1f48cf61-7bd0-4145-aac3-980b410da1d7
				summarizeBy: none
				sourceColumn: [DisplayFolder]

				annotation SummarizationSetBy = Automatic

			column 'Alternate Of'
				isHidden
				lineageTag: 11175aa0-ef9f-4dff-ab1e-fe9ce433b58f
				summarizeBy: none
				sourceColumn: [AlternateOf]

				annotation SummarizationSetBy = Automatic

			column 'Lineage Tag'
				isHidden
				lineageTag: 380b46ae-a104-4981-9a7a-b394af951f5f
				summarizeBy: none
				sourceColumn: [LineageTag]

				annotation SummarizationSetBy = Automatic

				annotation BestPracticeAnalyzer_IgnoreRules = {""RuleIDs"":[""REMOVE_REDUNDANT_COLUMNS_IN_RELATED_TABLES""]}

			partition _Columns = calculated
				mode: import
				source = INFO.VIEW.COLUMNS()

			annotation PBI_Id = 29a2e4056cbb4f26bdf0092d5242f175

			annotation TabularEditor_TableGroup = Documentation

			annotation BestPracticeAnalyzer_IgnoreRules = {""RuleIDs"":[""REDUCE_USAGE_OF_CALCULATED_TABLES""]}

		/// Lists all of the DAX Measures in the Semantic Model
		table '_DAX Measures'
			isHidden
			lineageTag: cb1c28d6-1de5-4833-bd41-6ef9dc8f3437

			column '_Measure ID'
				isHidden
				formatString: 0
				isAvailableInMdx: false
				lineageTag: 9a17a42f-5fd0-45cd-ad3e-c2c75484b3d3
				summarizeBy: count
				sourceColumn: [ID]

				annotation SummarizationSetBy = Automatic

			column Name
				isHidden
				lineageTag: b8a671ad-e58d-4bad-b532-5b83ad7d2371
				isDefaultLabel
				summarizeBy: none
				isNameInferred
				sourceColumn: [Name]

				annotation SummarizationSetBy = Automatic

			column Table
				isHidden
				lineageTag: d94c1d83-7b84-42cd-8f56-2bbe18d65276
				summarizeBy: none
				isNameInferred
				sourceColumn: [Table]

				annotation SummarizationSetBy = Automatic

			column Description
				isHidden
				lineageTag: a9a68567-6041-44db-a43c-49abb4a38efd
				summarizeBy: none
				isNameInferred
				sourceColumn: [Description]

				annotation SummarizationSetBy = Automatic

			column 'Data Type'
				isHidden
				lineageTag: f52dc891-c5ed-483e-a2fa-a6f551843cb6
				summarizeBy: none
				sourceColumn: [DataType]

				annotation SummarizationSetBy = Automatic

			column Expression
				isHidden
				lineageTag: 4eb10559-8fef-4786-8e47-ea1b9dd6bfa3
				summarizeBy: none
				isNameInferred
				sourceColumn: [Expression]

				annotation SummarizationSetBy = Automatic

			column 'Format String'
				isHidden
				lineageTag: aed8a416-6087-4511-8b3e-e476c66f4e83
				summarizeBy: none
				sourceColumn: [FormatString]

				annotation SummarizationSetBy = Automatic

			column 'Is Hidden'
				isHidden
				formatString: """"""TRUE"""";""""TRUE"""";""""FALSE""""""
				lineageTag: 54eef34e-7f08-44ae-badf-07931e234b0e
				summarizeBy: none
				sourceColumn: [IsHidden]

				annotation SummarizationSetBy = Automatic

			column State
				isHidden
				lineageTag: 47fab6b4-b3cf-45c8-a272-799ea8eb3889
				summarizeBy: none
				isNameInferred
				sourceColumn: [State]

				annotation SummarizationSetBy = Automatic

			column '_KPI ID'
				isHidden
				formatString: 0
				isAvailableInMdx: false
				lineageTag: 4a698d9e-751e-4a02-9231-27b035dc8fa9
				summarizeBy: count
				sourceColumn: [KPIID]

				annotation SummarizationSetBy = Automatic

				annotation BestPracticeAnalyzer_IgnoreRules = {""RuleIDs"":[""UNNECESSARY_COLUMNS""]}

			column 'Is Simple Measure'
				isHidden
				formatString: """"""TRUE"""";""""TRUE"""";""""FALSE""""""
				lineageTag: 34ed7820-edf3-4d2f-98d4-88078ec9cccf
				summarizeBy: none
				sourceColumn: [IsSimpleMeasure]

				annotation SummarizationSetBy = Automatic

			column 'Display Folder'
				isHidden
				lineageTag: 728a372b-1b14-4015-90ab-3bf9002c30ce
				summarizeBy: none
				sourceColumn: [DisplayFolder]

				annotation SummarizationSetBy = Automatic

			column 'Detail Rows Definition'
				isHidden
				lineageTag: 88a4e439-aa3f-4767-a509-d965bdacdb04
				summarizeBy: none
				sourceColumn: [DetailRowsDefinition]

				annotation SummarizationSetBy = Automatic

			column 'Data Category'
				isHidden
				lineageTag: fae02cc4-d5f1-4b78-b6d5-8567d5970102
				summarizeBy: none
				sourceColumn: [DataCategory]

				annotation SummarizationSetBy = Automatic

			column 'Format String Definition'
				isHidden
				lineageTag: dea120f9-ad03-4f73-80fc-5882afb7493a
				summarizeBy: none
				sourceColumn: [FormatStringDefinition]

				annotation SummarizationSetBy = Automatic

			column 'Lineage Tag'
				isHidden
				lineageTag: efee01e5-c676-4200-8038-e95254efba3d
				summarizeBy: none
				sourceColumn: [LineageTag]

				annotation SummarizationSetBy = Automatic

			partition '_DAX Measures' = calculated
				mode: import
				source = INFO.VIEW.MEASURES()

			annotation PBI_Id = 7bc88f6f9bab4f87a75d8fc533e15460

			annotation TabularEditor_TableGroup = Documentation

			annotation BestPracticeAnalyzer_IgnoreRules = {""RuleIDs"":[""ENSURE_TABLES_HAVE_RELATIONSHIPS"",""REDUCE_USAGE_OF_CALCULATED_TABLES""]}

		/// A list of all the Relationships between tables in the Semantic Model
		table _Relationships
			isHidden
			lineageTag: b58dad00-773e-4625-87dd-bb6c47385a92

			column '_Relationship ID'
				isHidden
				formatString: 0
				isAvailableInMdx: false
				lineageTag: c278e375-9595-4272-a5d9-8b9f976e8d6f
				isDefaultLabel
				summarizeBy: count
				sourceColumn: [ID]

				annotation SummarizationSetBy = Automatic

			column Name
				isHidden
				lineageTag: 0e7e4878-876e-416e-8848-689dcb3c8507
				summarizeBy: none
				isNameInferred
				sourceColumn: [Name]

				annotation SummarizationSetBy = Automatic

			column Relationship
				isHidden
				lineageTag: a8d87fff-a83f-434b-9a68-ce7610114f7d
				summarizeBy: none
				isNameInferred
				sourceColumn: [Relationship]

				annotation SummarizationSetBy = Automatic

			column Model
				isHidden
				lineageTag: 496de6bf-7d87-4986-b28d-c047f5583f62
				summarizeBy: none
				isNameInferred
				sourceColumn: [Model]

				annotation SummarizationSetBy = Automatic

			column 'Is Active'
				isHidden
				formatString: """"""TRUE"""";""""TRUE"""";""""FALSE""""""
				lineageTag: 7a6fe10d-a737-4627-b98c-125885ff0b3d
				summarizeBy: none
				sourceColumn: [IsActive]

				annotation SummarizationSetBy = Automatic

			column 'Cross Filtering Behavior'
				isHidden
				lineageTag: 2313de88-700e-4de4-a378-e9a314861042
				summarizeBy: none
				sourceColumn: [CrossFilteringBehavior]

				annotation SummarizationSetBy = Automatic

			column 'Rely On Referential Integrity'
				isHidden
				formatString: """"""TRUE"""";""""TRUE"""";""""FALSE""""""
				lineageTag: 8effc271-2843-4eb6-8e51-126018a648f1
				summarizeBy: none
				sourceColumn: [RelyOnReferentialIntegrity]

				annotation SummarizationSetBy = Automatic

			column 'From Table'
				isHidden
				lineageTag: 33459234-7594-43e2-a836-09856ed31075
				summarizeBy: none
				sourceColumn: [FromTable]

				annotation SummarizationSetBy = Automatic

			column 'From Column'
				isHidden
				lineageTag: 5f3fa9e5-b95c-42c9-915c-2bbfa98bbe01
				summarizeBy: none
				sourceColumn: [FromColumn]

				annotation SummarizationSetBy = Automatic

			column 'From Cardinality'
				isHidden
				lineageTag: 1a8787d1-a997-41ca-89eb-7d7fe80fe729
				summarizeBy: none
				sourceColumn: [FromCardinality]

				annotation SummarizationSetBy = Automatic

			column 'To Table'
				isHidden
				lineageTag: d3456f94-4b3c-43c2-a5b0-3999df740891
				summarizeBy: none
				sourceColumn: [ToTable]

				annotation SummarizationSetBy = Automatic

			column 'To Column'
				isHidden
				lineageTag: 97ae17a1-9ba3-406d-a3ea-1008dc4485f6
				summarizeBy: none
				sourceColumn: [ToColumn]

				annotation SummarizationSetBy = Automatic

			column 'To Cardinality'
				isHidden
				lineageTag: 47af45fc-9d66-46ae-b7c0-ebe381f26c34
				summarizeBy: none
				sourceColumn: [ToCardinality]

				annotation SummarizationSetBy = Automatic

			column State
				isHidden
				lineageTag: 5524a89c-857b-4672-bf14-d6de3d6c5e31
				summarizeBy: none
				isNameInferred
				sourceColumn: [State]

				annotation SummarizationSetBy = Automatic

			column 'Security Filtering Behavior'
				isHidden
				lineageTag: 0624a2a9-15d2-4954-9a33-bc3d881f67f8
				summarizeBy: none
				sourceColumn: [SecurityFilteringBehavior]

				annotation SummarizationSetBy = Automatic

			column Cardinality =
					IF(
					    _Relationships[From Cardinality] = ""Many"" && _Relationships[To Cardinality] = ""One"",
					    ""Many-to-One (*:1)"",
					    IF(
					        _Relationships[From Cardinality] = ""Many"" && _Relationships[To Cardinality] = ""Many"",
					        ""Many-to-Many (*:*)"",
					        IF(
					            _Relationships[From Cardinality] = ""One"" && _Relationships[To Cardinality] = ""One"",
					            ""One-to-One (1:1)"",
					            IF( _Relationships[From Cardinality] = ""One"" && _Relationships[To Cardinality] = ""Many"", ""One-to-Many (1:*)"", BLANK( ) )
					        )
					    )
					)
				isHidden
				lineageTag: c331f74b-a1ce-43f8-be8a-a6bdb1c5627b
				summarizeBy: none

				annotation SummarizationSetBy = Automatic

			partition _Relationships = calculated
				mode: import
				source = INFO.VIEW.RELATIONSHIPS()

			annotation PBI_Id = 45561be14a03486f85dea3b538792a7f

			annotation TabularEditor_TableGroup = Documentation

			annotation BestPracticeAnalyzer_IgnoreRules = {""RuleIDs"":[""ENSURE_TABLES_HAVE_RELATIONSHIPS"",""REDUCE_USAGE_OF_CALCULATED_TABLES""]}

		/// A blank table used only to store measures
		table Measure
			lineageTag: ef4e68e4-f0bb-4f31-97e0-f92cbfbcf0b1

			/// Number of unique columns
			measure 'Column Count' = DISTINCTCOUNT( '_Columns'[_Column ID] )
				formatString: #,0;-#,0;-
				displayFolder: Documentation\Columns
				lineageTag: 69dd942a-4c15-435c-9aa9-fb6e2d2db738

				annotation PBI_FormatHint = {""isCustom"":true}

			/// Is the column a Key?
			measure 'Column Is Key Icon' =
					IF(
					    SELECTEDVALUE( _Columns[Is Key?] ) = TRUE( ),
					    [True Pill],
					    [False Pill]
					)
				displayFolder: Documentation\Columns
				lineageTag: 9d3e60f3-2de1-4d11-af89-df4c4c3b98e5
				dataCategory: ImageUrl



			/// Is the column unique?
			measure 'Column Is Unique Icon' = IF( SELECTEDVALUE( '_Columns'[Is Unique?] ) = TRUE() , [True Pill] , [False Pill] )
				displayFolder: Documentation\Columns
				lineageTag: 1fd523be-023d-4c5b-a272-7541914583d3
				dataCategory: ImageUrl



			/// Is the column Visible?
			measure 'Column Is Visible Icon' = IF( SELECTEDVALUE( '_Columns'[Is Hidden?]  ) = TRUE() , [False Pill] , [True Pill] )
				displayFolder: Documentation\Columns
				lineageTag: 4bbc7c55-c4ef-4bf1-a683-99885af81d87
				dataCategory: ImageUrl



			/// Number of Measures
			measure 'Measure Count' = DISTINCTCOUNT( '_DAX Measures'[_Measure ID] )
				formatString: #,0;-#,0;-
				displayFolder: Documentation\Measures
				lineageTag: cdb001d3-abe0-4006-ad0d-604a1f763ec5

				annotation PBI_FormatHint = {""isCustom"":true}

			/// Is the measure visible? Displays an SVG
			measure 'Measure Is Visible Icon' =
					
					
					VAR _VisibleCount = CALCULATE( [Measure Count] , '_DAX Measures'[Is Hidden] = FALSE() )
					
					 RETURN
					
					 IF( ISBLANK( _VisibleCount ) , [False Pill] ,  [True Pill] )
				displayFolder: Documentation\Measures
				lineageTag: e6f5c7cf-f78a-4095-8d91-d23f3cad1f91
				dataCategory: ImageUrl



			/// Displays the cardinality of the Relationship as an SVG
			measure 'Relationship Cardinality Icon' = ```
					
					
					IF( SELECTEDVALUE( '_Relationships'[Cardinality]) = ""Many-to-One (*:1)"" , [Many to One Pill], 
					IF( SELECTEDVALUE( '_Relationships'[Cardinality]) = ""One-to-One (1:1)"" , [One to One Pill], 
					IF( SELECTEDVALUE('_Relationships'[Cardinality]) = ""Many-to-Many (*:*)"" , [Many to Many Pill], 
					IF( SELECTEDVALUE( '_Relationships'[Cardinality]) = ""One-to-Many (1:*)"" , [One to Many Pill],
					BLANK() ))))
					```
				displayFolder: Documentation\Relationships
				lineageTag: e0f35ec9-db67-4c1d-ad87-c341f4aa782c
				dataCategory: ImageUrl



			/// The unique number of relationships
			measure 'Relationship Count' = DISTINCTCOUNT( '_Relationships'[_Relationship ID] )
				formatString: #,0;-#,0;-
				displayFolder: Documentation\Relationships
				lineageTag: 60200f6f-d77f-4158-bd18-f24939c1d60e

				annotation PBI_FormatHint = {""isCustom"":true}

			/// Number of active relationships
			measure 'Relationship Count - Active' = CALCULATE( [Relationship Count] ,'_Relationships'[Is Active] = TRUE() )
				formatString: #,0
				displayFolder: Documentation\Relationships
				lineageTag: 037432df-1ec4-48ab-bcfa-9159f543eb15

			/// Number of Inactive relationships
			measure 'Relationship Count - Inactive' = CALCULATE( [Relationship Count] , '_Relationships'[Is Active] = False() ) + 0
				formatString: #,0
				displayFolder: Documentation\Relationships
				lineageTag: 676880ef-d194-4c09-ad93-7b42aea626db

			/// States whether a relationship is OneDirection or BothDirections, displayed as an SVG
			measure 'Relationship Cross Filtering Behaviour Icon' = ```
					
					
					IF( SELECTEDVALUE( '_Relationships'[Cross Filtering Behavior]) = ""OneDirection"" , [Single Pill] , 
					IF( SELECTEDVALUE( '_Relationships'[Cross Filtering Behavior]) = ""BothDirections"" , [Both Pill] , BLANK() )) 
					```
				displayFolder: Documentation\Relationships
				lineageTag: 95db8e70-2af3-43d0-96d7-8afc92a6df76
				dataCategory: ImageUrl



			/// States if a relationship is active or inactive, displayed as an SVG
			measure 'Relationship Is Active Icon' =
					
					IF( SELECTEDVALUE( '_Relationships'[Is Active] ) = TRUE() , [True Wide Pill] , [False Wide Pill] )
				displayFolder: Documentation\Relationships
				lineageTag: fd05bb05-1c33-4586-a7cd-e321cc49d36d
				dataCategory: ImageUrl



			/// The number of tables in the semantic model
			measure 'Table Count' = DISTINCTCOUNT( '_Tables'[_Table ID] )
				formatString: #,0;-#,0;-
				displayFolder: Documentation\Tables
				lineageTag: 87db6112-45d3-4c15-a1b4-614cff798409

				annotation PBI_FormatHint = {""isCustom"":true}

			/// States whether a Table is a calculation group or not
			measure 'Table Is Calculation Group Icon' = IF( ISBLANK( SELECTEDVALUE( '_Tables'[Calculation Group Precedence] )) , [False Pill] , [True Pill] )
				displayFolder: Documentation\Tables
				lineageTag: cbe34bcd-5a89-49bd-a206-94fbbf7aa5f6
				dataCategory: ImageUrl



			/// Displays, as an SVG, whether the table is visible or not,
			measure 'Table Is Visible Icon' = IF( SELECTEDVALUE( '_Tables'[Is Hidden?] ) = TRUE() , [False Pill] , [True Pill] )
				displayFolder: Documentation\Tables
				lineageTag: 86d1a611-1524-4dfb-a334-5f383d91c51a
				dataCategory: ImageUrl



			/// A dynamic title for the Columns table
			measure 'Title - Columns' =
					VAR _Column =
					     [Column Count]
					RETURN
					    ""Displaying "" & _Column & "" Columns""
				isHidden
				displayFolder: Documentation\Dynamics Titles
				lineageTag: 5fbd5b5a-26fe-48a2-a131-6e9c1267f679

				



			/// A dynamic title for the Measures table
			measure 'Title - Measures' =
					VAR _Measures =
					    [Measure Count]
					RETURN
					    ""Displaying "" & _Measures & "" Measures""
				isHidden
				displayFolder: Documentation\Dynamics Titles
				lineageTag: 1fa8be73-9304-46e8-aeab-557ef3ec2c7d

				



			/// A dynamic title for the Relationships table
			measure 'Title - Relationships' =
					VAR _Active =
					   [Relationship Count - Active]
					VAR _Inactive =
					    [Relationship Count - Inactive]
					        + 0
					RETURN
					    ""Displaying "" & _Active & "" Active Relationships, "" & _Inactive
					        & "" Inactive Relationships""
				isHidden
				displayFolder: Documentation\Dynamics Titles
				lineageTag: 631da595-8fd9-46a5-a009-aaecefd9700c

				



			/// A dynamic title for the ""Tables"" table
			measure 'Title - Tables' =
					VAR _Table =
					     [Table Count]
					RETURN
					    ""Displaying "" & _Table & "" Tables""
				isHidden
				displayFolder: Documentation\Dynamics Titles
				lineageTag: 674305ef-ceb6-4415-b7d4-e7fb37e07bf1

				



			measure 'True Pill' = ```
					
					VAR _Width = ""150""
					VAR _Height = ""50""
					VAR _FillColour = ""#00BF77""
					VAR _TextColour = ""#000000""
					VAR _DisplayText = ""True""
					VAR _FontStyle = ""Segoe UI""
					VAR _FontSize = ""24""
					
					RETURN
					""data:image/svg+xml;utf8, <svg width='"" & _Width & ""' height='"" & _Height & ""' xmlns='http://www.w3.org/2000/svg'>
					  <rect width='"" & _Width & ""' height='"" & _Height & ""' rx='25' ry='25' fill='"" & _FillColour & ""' />
					  <text x='50%' y='50%' fill='"" & _TextColour & ""' font-family='"" & _FontStyle & ""' font-size='"" & _FontSize & ""' dominant-baseline='middle' text-anchor='middle'>""& _DisplayText &""</text>
					</svg>""
					
					```
				isHidden
				displayFolder: Documentation\SVG Icons\True/False
				lineageTag: d996392c-050a-4592-977b-b7c34293bf15
				dataCategory: ImageUrl

				



			measure 'False Pill' = ```
					
					
					VAR _Width = ""150""
					VAR _Height = ""50""
					VAR _FillColour = ""#FD625E""
					VAR _TextColour = ""#000000""
					VAR _DisplayText = ""False""
					VAR _FontStyle = ""Segoe UI""
					VAR _FontSize = ""24""
					
					RETURN
					""data:image/svg+xml;utf8, <svg width='"" & _Width & ""' height='"" & _Height & ""' xmlns='http://www.w3.org/2000/svg'>
					  <rect width='"" & _Width & ""' height='"" & _Height & ""' rx='25' ry='25' fill='"" & _FillColour & ""' />
					  <text x='50%' y='50%' fill='"" & _TextColour & ""' font-family='"" & _FontStyle & ""' font-size='"" & _FontSize & ""' dominant-baseline='middle' text-anchor='middle'>""& _DisplayText &""</text>
					</svg>""
					
					```
				isHidden
				displayFolder: Documentation\SVG Icons\True/False
				lineageTag: 535e4656-1b37-4012-9bfb-d2bc6a98b429
				dataCategory: ImageUrl

				



			measure 'Many to One Pill' = ```
					
					VAR _Width = ""220""
					VAR _Height = ""50""
					VAR _FillColour = ""#00BF77""
					VAR _TextColour = ""#000000""
					VAR _DisplayText = ""Many to One (*:1)""
					VAR _FontStyle = ""Segoe UI""
					VAR _FontSize = ""24""
					
					RETURN
					""data:image/svg+xml;utf8, <svg width='"" & _Width & ""' height='"" & _Height & ""' xmlns='http://www.w3.org/2000/svg'>
					  <rect width='"" & _Width & ""' height='"" & _Height & ""' rx='25' ry='25' fill='"" & _FillColour & ""' />
					  <text x='50%' y='50%' fill='"" & _TextColour & ""' font-family='"" & _FontStyle & ""' font-size='"" & _FontSize & ""' dominant-baseline='middle' text-anchor='middle'>""& _DisplayText &""</text>
					</svg>""
					
					```
				isHidden
				displayFolder: Documentation\SVG Icons\Relationship Cardinality
				lineageTag: 89e254f6-4a9a-41a9-a6fe-ad132bebb6ca
				dataCategory: ImageUrl



			measure 'Many to Many Pill' =
					
					VAR _Width = ""220""
					VAR _Height = ""50""
					VAR _FillColour = ""#FD625E""
					VAR _TextColour = ""#000000""
					VAR _DisplayText = ""Many to Many (*:*)""
					VAR _FontStyle = ""Segoe UI""
					VAR _FontSize = ""24""
					
					RETURN
					""data:image/svg+xml;utf8, <svg width='"" & _Width & ""' height='"" & _Height & ""' xmlns='http://www.w3.org/2000/svg'>
					  <rect width='"" & _Width & ""' height='"" & _Height & ""' rx='25' ry='25' fill='"" & _FillColour & ""' />
					  <text x='50%' y='50%' fill='"" & _TextColour & ""' font-family='"" & _FontStyle & ""' font-size='"" & _FontSize & ""' dominant-baseline='middle' text-anchor='middle'>""& _DisplayText &""</text>
					</svg>""
				isHidden
				displayFolder: Documentation\SVG Icons\Relationship Cardinality
				lineageTag: d1bb40df-31d7-4557-9678-88b3af1fe525
				dataCategory: ImageUrl

			measure 'One to One Pill' =
					
					VAR _Width = ""220""
					VAR _Height = ""50""
					VAR _FillColour = ""#FAD8B7""
					VAR _TextColour = ""#000000""
					VAR _DisplayText = ""Many to One (*:1)""
					VAR _FontStyle = ""Segoe UI""
					VAR _FontSize = ""24""
					
					RETURN
					""data:image/svg+xml;utf8, <svg width='"" & _Width & ""' height='"" & _Height & ""' xmlns='http://www.w3.org/2000/svg'>
					  <rect width='"" & _Width & ""' height='"" & _Height & ""' rx='25' ry='25' fill='"" & _FillColour & ""' />
					  <text x='50%' y='50%' fill='"" & _TextColour & ""' font-family='"" & _FontStyle & ""' font-size='"" & _FontSize & ""' dominant-baseline='middle' text-anchor='middle'>""& _DisplayText &""</text>
					</svg>""
				isHidden
				displayFolder: Documentation\SVG Icons\Relationship Cardinality
				lineageTag: 24525b12-4280-46d6-b9ac-7cb4289eca0a
				dataCategory: ImageUrl

				

			measure 'One to Many Pill' = ```
					
					VAR _Width = ""220""
					VAR _Height = ""50""
					VAR _FillColour = ""#00BF77""
					VAR _TextColour = ""#000000""
					VAR _DisplayText = ""One to Many (1:*)""
					VAR _FontStyle = ""Segoe UI""
					VAR _FontSize = ""24""
					
					RETURN
					""data:image/svg+xml;utf8, <svg width='"" & _Width & ""' height='"" & _Height & ""' xmlns='http://www.w3.org/2000/svg'>
					  <rect width='"" & _Width & ""' height='"" & _Height & ""' rx='25' ry='25' fill='"" & _FillColour & ""' />
					  <text x='50%' y='50%' fill='"" & _TextColour & ""' font-family='"" & _FontStyle & ""' font-size='"" & _FontSize & ""' dominant-baseline='middle' text-anchor='middle'>""& _DisplayText &""</text>
					</svg>""
					
					```
				isHidden
				displayFolder: Documentation\SVG Icons\Relationship Cardinality
				lineageTag: cc04269a-eed6-49e9-9916-a5469d765d1c
				dataCategory: ImageUrl

				

			measure 'Single Pill' = ```
					
					VAR _Width = ""220""
					VAR _Height = ""50""
					VAR _FillColour = ""#00BF77""
					VAR _TextColour = ""#000000""
					VAR _DisplayText = ""Single""
					VAR _FontStyle = ""Segoe UI""
					VAR _FontSize = ""24""
					
					RETURN
					""data:image/svg+xml;utf8, <svg width='"" & _Width & ""' height='"" & _Height & ""' xmlns='http://www.w3.org/2000/svg'>
					  <rect width='"" & _Width & ""' height='"" & _Height & ""' rx='25' ry='25' fill='"" & _FillColour & ""' />
					  <text x='50%' y='50%' fill='"" & _TextColour & ""' font-family='"" & _FontStyle & ""' font-size='"" & _FontSize & ""' dominant-baseline='middle' text-anchor='middle'>""& _DisplayText &""</text>
					</svg>""
					
					```
				isHidden
				displayFolder: Documentation\SVG Icons\Filter Direction
				lineageTag: 82100901-5660-41c9-8e88-c3871e538637
				dataCategory: ImageUrl

				



			measure 'Both Pill' =
					
					
					VAR _Width = ""220""
					VAR _Height = ""50""
					VAR _FillColour = ""#FD625E""
					VAR _TextColour = ""#000000""
					VAR _DisplayText = ""Both""
					VAR _FontStyle = ""Segoe UI""
					VAR _FontSize = ""24""
					
					RETURN
					""data:image/svg+xml;utf8, <svg width='"" & _Width & ""' height='"" & _Height & ""' xmlns='http://www.w3.org/2000/svg'>
					  <rect width='"" & _Width & ""' height='"" & _Height & ""' rx='25' ry='25' fill='"" & _FillColour & ""' />
					  <text x='50%' y='50%' fill='"" & _TextColour & ""' font-family='"" & _FontStyle & ""' font-size='"" & _FontSize & ""' dominant-baseline='middle' text-anchor='middle'>""& _DisplayText &""</text>
					</svg>""
				isHidden
				displayFolder: Documentation\SVG Icons\Filter Direction
				lineageTag: dd68f58c-4b70-4c5c-818d-2d0d3d4c13b2
				dataCategory: ImageUrl

				



			measure 'True Wide Pill' =
					
					VAR _Width = ""220""
					VAR _Height = ""50""
					VAR _FillColour = ""#00BF77""
					VAR _TextColour = ""#000000""
					VAR _DisplayText = ""True""
					VAR _FontStyle = ""Segoe UI""
					VAR _FontSize = ""24""
					
					RETURN
					""data:image/svg+xml;utf8, <svg width='"" & _Width & ""' height='"" & _Height & ""' xmlns='http://www.w3.org/2000/svg'>
					  <rect width='"" & _Width & ""' height='"" & _Height & ""' rx='25' ry='25' fill='"" & _FillColour & ""' />
					  <text x='50%' y='50%' fill='"" & _TextColour & ""' font-family='"" & _FontStyle & ""' font-size='"" & _FontSize & ""' dominant-baseline='middle' text-anchor='middle'>""& _DisplayText &""</text>
					</svg>""
				isHidden
				displayFolder: Documentation\SVG Icons\True/False
				lineageTag: 4b134280-ac9c-4710-b15d-f4ea331df204
				dataCategory: ImageUrl

				



			measure 'False Wide Pill' = ```
					
					VAR _Width = ""220""
					VAR _Height = ""50""
					VAR _FillColour = ""#FD625E""
					VAR _TextColour = ""#000000""
					VAR _DisplayText = ""False""
					VAR _FontStyle = ""Segoe UI""
					VAR _FontSize = ""24""
					
					RETURN
					""data:image/svg+xml;utf8, <svg width='"" & _Width & ""' height='"" & _Height & ""' xmlns='http://www.w3.org/2000/svg'>
					  <rect width='"" & _Width & ""' height='"" & _Height & ""' rx='25' ry='25' fill='"" & _FillColour & ""' />
					  <text x='50%' y='50%' fill='"" & _TextColour & ""' font-family='"" & _FontStyle & ""' font-size='"" & _FontSize & ""' dominant-baseline='middle' text-anchor='middle'>""& _DisplayText &""</text>
					</svg>""
					
					
					```
				isHidden
				displayFolder: Documentation\SVG Icons\True/False
				lineageTag: 80dcfe62-f28f-461e-9f16-6b3e5f2031fb
				dataCategory: ImageUrl

				



			partition Measure = m
				mode: import
				source =
						let
						    Source = Table.FromRows(Json.Document(Binary.Decompress(Binary.FromText(""i44FAA=="", BinaryEncoding.Base64), Compression.Deflate)), let _t = ((type nullable text) meta [Serialized.Text = true]) in type table [Column1 = _t]),
						    #""Changed Type"" = Table.TransformColumnTypes(Source,{{""Column1"", type text}}),
						    #""Removed Columns"" = Table.RemoveColumns(#""Changed Type"",{""Column1""})
						in
						    #""Removed Columns""

		relationship 79f64fd0-a7a1-b209-55ca-48671211e015
			fromColumn: _Columns.Table
			toColumn: _Tables.'Table Name'

","TMDL","4","","2025-02-03T23:22:22.347Z","2025-02-03T23:22:22.347Z","1"
"15","Snowflake Parameters","createOrReplace

		expression 'SF Servername' = 1 meta [IsParameterQuery=true, Type=""Any"", IsParameterQueryRequired=true]
			lineageTag: 7150d04b-f4e6-4108-a1cd-14f1132a7d7a
			queryGroup: 'Parameters'

			annotation PBI_NavigationStepName = Navigation

			annotation PBI_ResultType = Number

		expression 'SF Warehouse' = 1 meta [IsParameterQuery=true, Type=""Any"", IsParameterQueryRequired=true]
			lineageTag: 9fdc2ceb-630b-41c9-9871-6b5273c518e5
			queryGroup: 'Parameters'

			annotation PBI_ResultType = Number

		expression 'SF Role' = 1 meta [IsParameterQuery=true, Type=""Any"", IsParameterQueryRequired=true]
			lineageTag: 51884f5d-e133-4c76-9b1b-f5ac0df1aa42
			queryGroup: 'Parameters'

		expression 'SF Database' = 1 meta [IsParameterQuery=true, Type=""Any"", IsParameterQueryRequired=true]
			lineageTag: 2752b0b8-b58a-4903-9bd3-3e1884620f03
			queryGroup: 'Parameters'

			annotation PBI_NavigationStepName = Navigation

			annotation PBI_ResultType = Number

		expression 'SF Schema' = 1 meta [IsParameterQuery=true, Type=""Any"", IsParameterQueryRequired=true]
			lineageTag: af69ee2c-b0cc-40f8-b65b-b441f0b0c63a
			queryGroup: 'Parameters'

			annotation PBI_NavigationStepName = Navigation

			annotation PBI_ResultType = Number


		queryGroup 'Parameters'

			annotation PBI_QueryGroupOrder = 1","TMDL","4","","2025-02-11T11:33:36.938Z","2025-02-11T11:33:36.938Z","0"
"16","Snowflake Parameter Table (Reuse for Info in Report)","createOrReplace
		table 'Parameter Power Query'
			isHidden
			lineageTag: 218217b5-2a3b-4cfc-af8c-dde07bbdeaf7

			column ParameterName
				dataType: string
				isHidden
				lineageTag: a73e9be7-c86b-4f9c-847e-65ff7eea087c
				summarizeBy: none
				sourceColumn: ParameterName

				changedProperty = IsHidden

				annotation SummarizationSetBy = Automatic

			column Value
				dataType: string
				isHidden
				lineageTag: c56240b8-1752-45f3-bdd0-33bf6293b7a1
				summarizeBy: none
				sourceColumn: Value

				changedProperty = IsHidden

				annotation SummarizationSetBy = Automatic

			partition 'Parameter Power Query' = m
				mode: import
				source =
						let
						    // Define the parameters
						    Parameter1 = #""SF Servername"",
						    Parameter2 = #""SF Warehouse"",
						    Parameter3 = #""SF Database"",
						    Parameter4 = #""SF Schema"",
						
						    // Create a table with these parameters
						    ParameterTable = Table.FromRecords({
						        [ParameterName = ""Servername"", Value = Parameter1],
						        [ParameterName = ""Warehouse"", Value = Parameter2],
						        [ParameterName = ""Database"", Value = Parameter3],
						        [ParameterName = ""Schema"", Value = Parameter4]
						    })
						in
						    ParameterTable

			changedProperty = IsHidden

			annotation PBI_NavigationStepName = Navigation

			annotation PBI_ResultType = Table

		ref table 'Parameter Power Query'

			measure 'Data Source' = ""Data Source: Snowflake "" & CALCULATE(MAX('Parameter Power Query'[Value]),'Parameter Power Query'[ParameterName]=""Warehouse"")&"".""&CALCULATE(MAX('Parameter Power Query'[Value]),'Parameter Power Query'[ParameterName]=""Database"")&"".""& CALCULATE(MAX('Parameter Power Query'[Value]),'Parameter Power Query'[ParameterName]=""Schema"")
				lineageTag: 432a145e-e295-4016-8a3f-90c070fcd0ab","TMDL","4","","2025-02-11T11:34:09.531Z","2025-02-11T11:53:34.587Z","0"